date,open,close
2015-01-02,24.694233092060063,24.237548828125
2015-01-05,24.006996022056626,23.554744720458984
2015-01-06,23.619034466383983,23.556961059570312
2015-01-07,23.76535030250549,23.88728141784668
2015-01-08,24.215387046826162,24.805086135864258
2015-01-09,24.977999733362566,24.831684112548828
2015-01-12,24.962484968593877,24.219818115234375
2015-01-13,24.703112777006453,24.434865951538086
2015-01-14,24.173259238412005,24.341745376586914
2015-01-15,24.38608229018397,23.681102752685547
2015-01-16,23.72765845555715,23.497098922729492
2015-01-20,23.907228064640975,24.102317810058594
2015-01-21,24.153307189951693,24.28632354736328
2015-01-22,24.443724184160846,24.91814422607422
2015-01-23,24.89597392403558,25.046724319458008
2015-01-26,25.21521630881702,25.073333740234375
2015-01-27,24.922579223516976,24.195430755615234
2015-01-28,26.07759332327218,25.563268661499023
2015-01-29,25.787181068734693,26.359146118164062
2015-01-30,26.248303130153793,25.973405838012695
2015-02-02,26.1707059874969,26.299285888671875
2015-02-03,26.27046066624386,26.303714752197266
2015-02-04,26.27046050218468,26.50545310974121
2015-02-05,26.7124451524758,26.69464111328125
2015-02-06,26.71244351282826,26.469846725463867
2015-02-09,26.385269347401834,26.645671844482422
2015-02-10,26.74582961803202,27.157577514648438
2015-02-11,27.324501302281014,27.794116973876953
2015-02-12,28.056747852813622,28.145774841308594
2015-02-13,28.328276526199947,28.283763885498047
2015-02-17,28.375013885390867,28.450687408447266
2015-02-18,28.406174714937425,28.648773193359375
2015-02-19,28.595358901715098,28.588682174682617
2015-02-20,28.626516545928553,28.822376251220703
2015-02-23,28.93812393514121,29.60137176513672
2015-02-24,29.58800703976149,29.416629791259766
2015-02-25,29.28085703698737,28.66434669494629
2015-02-26,28.66434931718159,29.02713394165039
2015-02-27,28.933664924326695,28.590913772583008
2015-03-02,28.76673444336919,28.731122970581055
2015-03-03,28.702194416757287,28.79121971130371
2015-03-04,28.73334565301747,28.608705520629883
2015-03-05,28.617610709042626,28.134641647338867
2015-03-06,28.577550244683298,28.176931381225586
2015-03-09,28.479621776355522,28.297117233276367
2015-03-10,28.13464212997099,27.71176528930664
2015-03-11,27.76519149615213,27.2065486907959
2015-03-12,27.22212331535712,27.698415756225586
2015-03-13,27.687289634604028,27.507009506225586
2015-03-16,27.571555674706993,27.809701919555664
2015-03-17,28.021132709844032,28.274858474731445
2015-03-18,28.26595129587465,28.593124389648438
2015-03-19,28.655451307109757,28.377243041992188
2015-03-20,28.544166501534818,28.021135330200195
2015-03-23,28.292666278344058,28.31269645690918
2015-03-24,28.317154267611016,28.19696807861328
2015-03-25,28.16357737452431,27.46026611328125
2015-03-26,27.322274764596163,27.65167236328125
2015-03-27,27.725129098036966,27.43134117126465
2015-03-30,27.60938938493857,28.125743865966797
2015-03-31,28.06342370286021,27.6939640045166
2015-04-01,27.78076687320234,27.65390396118164
2015-04-02,27.827510972263273,27.89205551147461
2015-04-06,27.702873057178902,28.34386444091797
2015-04-07,28.40840100803854,28.045618057250977
2015-04-08,28.010006426922278,27.954364776611328
2015-04-09,28.010007694885584,28.16802978515625
2015-04-10,28.032265587583318,28.288217544555664
2015-04-13,28.570873036627983,28.232572555541992
2015-04-14,28.265958678402846,28.11016273498535
2015-04-15,28.13464667828012,28.216995239257812
2015-04-16,28.105716445750787,28.081233978271484
2015-04-17,27.943234529274136,27.765180587768555
2015-04-20,27.947691810904374,28.39950180053711
2015-04-21,28.510784531304967,28.245929718017578
2015-04-22,28.263729612164116,28.62651252746582
2015-04-23,28.555297152717507,28.860212326049805
2015-04-24,29.042719794092143,28.99597930908203
2015-04-27,29.447782846083186,29.523454666137695
2015-04-28,29.926304095966827,29.058292388916016
2015-04-29,28.969270286299476,28.63096809387207
2015-04-30,28.63096684646575,27.854209899902344
2015-05-01,28.065655601372377,28.699970245361328
2015-05-04,28.82236964761207,28.644315719604492
2015-05-05,28.521913771311066,27.998884201049805
2015-05-06,28.168032529661616,27.823055267333984
2015-05-07,27.885629487903955,27.99514389038086
2015-05-08,28.312505520185685,28.522592544555664
2015-05-11,28.471194739748423,28.232053756713867
2015-05-12,28.071140018552697,28.131484985351562
2015-05-13,28.194056753833664,28.16276741027832
2015-05-14,28.475669960314683,28.819852828979492
2015-05-15,28.846666876510024,28.779617309570312
2015-05-18,28.692455210905617,29.096982955932617
2015-05-19,29.20872075144454,29.070154190063477
2015-05-20,29.054524801222765,29.067934036254883
2015-05-21,29.070161939434502,29.365175247192383
2015-05-22,29.412110659829,29.622194290161133
2015-05-26,29.635608709733482,28.969587326049805
2015-05-27,29.130503564331832,29.510446548461914
2015-05-28,29.470219283794904,29.45233917236328
2015-05-29,29.329416737492505,29.117095947265625
2015-06-01,29.117097420954007,29.17520523071289
2015-06-02,29.023230822614153,29.045581817626953
2015-06-03,29.20203071535272,29.081340789794922
2015-06-04,28.960649406130152,28.911479949951172
2015-06-05,28.942773222478493,28.75279998779297
2015-06-08,28.80867579740809,28.56283187866211
2015-06-09,28.316980038004523,28.47789764404297
2015-06-10,28.589643200734034,28.804201126098633
2015-06-11,28.8712495066725,28.73938751220703
2015-06-12,28.64998902911091,28.422021865844727
2015-06-15,28.18287352996629,28.366140365600586
2015-06-16,28.390736517876093,28.518129348754883
2015-06-17,28.544942620252378,28.451074600219727
2015-06-18,28.435430619491505,28.58070182800293
2015-06-19,28.542711069651634,28.29463005065918
2015-06-22,28.493544589825905,28.52036476135254
2015-06-23,28.491311901634834,28.390737533569336
2015-06-24,28.430959800526097,28.63210678100586
2015-06-25,28.79973222259295,28.495777130126953
2015-06-26,28.53376977946825,28.328153610229492
2015-06-29,28.039842802194055,27.83199119567871
2015-06-30,28.06442952719678,28.033140182495117
2015-07-01,28.361679619899824,28.29463005065918
2015-07-02,28.25663182378577,28.258867263793945
2015-07-06,27.923626480488263,28.160531997680664
2015-07-07,28.135949952635713,28.091251373291016
2015-07-08,27.820818700782862,27.393939971923828
2015-07-09,27.680015055804134,26.8351993560791
2015-07-10,27.253135750300856,27.55261993408203
2015-07-13,27.94373378777837,28.084537506103516
2015-07-14,28.16947919733043,28.073375701904297
2015-07-15,28.09795590249705,28.343801498413086
2015-07-16,28.549420418778837,28.721511840820312
2015-07-17,28.84890083285898,28.969587326049805
2015-07-20,29.271309318307836,29.51715660095215
2015-07-21,29.691492612570716,29.222148895263672
2015-07-22,27.26431042059781,27.986204147338867
2015-07-23,28.205233965707485,27.97279930114746
2015-07-24,28.008555666574285,27.825288772583008
2015-07-27,27.51015169454383,27.43863296508789
2015-07-28,27.574970245361328,27.574970245361328
2015-07-29,27.523570362234157,27.487810134887695
2015-07-30,27.338067666875485,27.3492431640625
2015-07-31,27.40064200931833,27.110097885131836
2015-08-03,27.15479960021046,26.470901489257812
2015-08-04,26.242929960095648,25.621610641479492
2015-08-05,25.24390269629094,25.79146957397461
2015-08-06,26.036184672313123,25.847597122192383
2015-08-07,25.724117682782484,25.93515396118164
2015-08-10,26.161909053278666,26.878089904785156
2015-08-11,26.449276656821382,25.479402542114258
2015-08-12,25.263879047707533,25.872295379638672
2015-08-13,26.051906618614048,25.852094650268555
2015-08-14,25.665742732593245,26.033935546875
2015-08-17,26.051908501604345,26.30335807800293
2015-08-18,26.13945686233631,26.15517234802246
2015-08-19,26.065370553726364,25.82065773010254
2015-08-20,25.611861719870426,25.290815353393555
2015-08-21,24.792411060837015,23.743959426879883
2015-08-24,21.29906277303558,23.15125274658203
2015-08-25,24.945079116046035,23.290454864501953
2015-08-26,24.042552150961182,24.62627410888672
2015-08-27,25.196527298438387,25.351436614990234
2015-08-28,25.183050280478742,25.434499740600586
2015-08-31,25.151623970115825,25.315515518188477
2015-09-01,24.729548627105544,24.18399429321289
2015-09-02,24.74750986033989,25.221220016479492
2015-09-03,25.254895903691754,24.778940200805664
2015-09-04,24.46462726179692,24.531978607177734
2015-09-08,25.08876317312035,25.214487075805664
2015-09-09,25.540025161020697,24.729551315307617
2015-09-10,24.75648687238155,25.272855758666992
2015-09-11,25.097739695285533,25.641048431396484
2015-09-14,26.173136068155117,25.888010025024414
2015-09-15,26.027206024671482,26.105783462524414
2015-09-16,26.09904000038144,26.13496208190918
2015-09-17,25.966584151945153,25.575939178466797
2015-09-18,25.192039064084668,25.470428466796875
2015-09-21,25.5198143218038,25.865556716918945
2015-09-22,25.454704973516744,25.459196090698242
2015-09-23,25.51084325116775,25.665754318237305
2015-09-24,25.425527647267216,25.818416595458984
2015-09-25,26.141702986561604,25.75330352783203
2015-09-28,25.56022862933393,25.24367332458496
2015-09-29,25.331234485791757,24.484838485717773
2015-09-30,24.73404223826543,24.763229370117188
2015-10-01,24.48707634396447,24.60157585144043
2015-10-02,24.249104308937568,24.781187057495117
2015-10-05,24.6689313610986,24.870988845825195
2015-10-06,24.837309527895236,24.989974975585938
2015-10-07,25.086516258580357,24.870988845825195
2015-10-08,24.738525344065252,24.583614349365234
2015-10-09,24.695869933660607,25.17182731628418
2015-10-12,25.308775428101356,25.05508041381836
2015-10-13,24.8799710020284,25.09774398803711
2015-10-14,24.98548808286365,24.743019104003906
2015-10-15,24.904662394999534,25.113454818725586
2015-10-16,25.09549289579994,24.929357528686523
2015-10-19,24.875476153189293,25.08426856994629
2015-10-20,24.996714365285325,25.542268753051758
2015-10-21,25.593897584367145,25.540016174316406
2015-10-22,25.66799210227932,25.930665969848633
2015-10-23,26.200079270371326,26.73440933227539
2015-10-26,26.509903958278397,25.88128089904785
2015-10-27,25.908217659825137,25.71738624572754
2015-10-28,26.251715570738316,26.777063369750977
2015-10-29,26.649084782875654,27.059934616088867
2015-10-30,27.163215466453153,26.828699111938477
2015-11-02,27.120555380781713,27.205867767333984
2015-11-03,27.11831286817819,27.51793670654297
2015-11-04,27.64366030440483,27.38996696472168
2015-11-05,27.473390486687432,27.263704299926758
2015-11-06,27.306543147398287,27.295269012451172
2015-11-09,27.272722405382584,27.184789657592773
2015-11-10,26.357318806814234,26.328006744384766
2015-11-11,26.237821625828612,26.17919921875
2015-11-12,26.213021985245653,26.09126853942871
2015-11-13,25.974021066496764,25.329179763793945
2015-11-16,25.112729637200466,25.744043350219727
2015-11-17,25.910893680503573,25.633567810058594
2015-11-18,26.10029180106284,26.44525909423828
2015-11-19,26.52416406599485,26.781198501586914
2015-11-20,26.87589685932573,26.89844512939453
2015-11-23,26.89167552524938,26.54896354675293
2015-11-24,26.454278879431442,26.803754806518555
2015-11-25,26.878152111664146,26.612098693847656
2015-11-27,26.670723952232372,26.562498092651367
2015-11-30,26.60307709864564,26.6729736328125
2015-12-01,26.77443398769232,26.45652198791504
2015-12-02,26.456525834016308,26.217529296875
2015-12-03,26.27840057601311,25.974016189575195
2015-12-04,25.994314909336165,26.837568283081055
2015-12-07,26.826293943140787,26.66846466064453
2015-12-08,26.497107776880153,26.65719223022461
2015-12-09,26.524162491483757,26.068716049194336
2015-12-10,26.163415792559743,26.192726135253906
2015-12-11,25.97176097173341,25.51856803894043
2015-12-14,25.293108820098706,25.360750198364258
2015-12-15,25.238992673175122,24.91206169128418
2015-12-16,25.042834319534705,25.103710174560547
2015-12-17,25.257033662969082,24.571609497070312
2015-12-18,24.555817018191348,23.906465530395508
2015-12-21,24.18830510498164,24.1995792388916
2015-12-22,24.21536177334121,24.177032470703125
2015-12-23,24.186052789368713,24.488182067871094
2015-12-24,24.576111739027386,24.357406616210938
2015-12-28,24.25820507239708,24.0845947265625
2015-12-29,24.1161522240276,24.517486572265625
2015-12-30,24.481419936987034,24.197328567504883
2015-12-31,24.127431201193346,23.732860565185547
2016-01-04,23.13536656617872,23.753150939941406
2016-01-05,23.84334091401202,23.157915115356445
2016-01-06,22.67315403228967,22.70471954345703
2016-01-07,22.249273586684012,21.746477127075195
2016-01-08,22.219965795163166,21.861469268798828
2016-01-11,22.31466290023333,22.215456008911133
2016-01-12,22.67089986748918,22.537872314453125
2016-01-13,22.61904582365759,21.95842170715332
2016-01-14,22.08693068246827,22.438661575317383
2016-01-15,21.6901131464518,21.899799346923828
2016-01-19,22.18839767456103,21.793827056884766
2016-01-20,21.442094252649422,21.823137283325195
2016-01-21,21.884014993459072,21.71265983581543
2016-01-22,22.237997442652777,22.867055892944336
2016-01-25,22.889601590857914,22.42062759399414
2016-01-26,22.531112001008523,22.544639587402344
2016-01-27,21.654037979031745,21.063308715820312
2016-01-28,21.14672917961133,21.21436882019043
2016-01-29,21.37219884846279,21.9471435546875
2016-02-01,21.75099284260383,21.741973876953125
2016-02-02,21.514244845612307,21.302305221557617
2016-02-03,21.41954953789307,21.72393226623535
2016-02-04,21.730737079835702,21.898488998413086
2016-02-05,21.880346722156467,21.313615798950195
2016-02-08,21.111864924492025,21.538047790527344
2016-02-09,21.374828116060087,21.533512115478516
2016-02-10,21.74433160335618,21.370288848876953
2016-02-11,21.261480638674737,21.241077423095703
2016-02-12,21.352157525748236,21.30681800842285
2016-02-16,21.540310419861186,21.90755271911621
2016-02-17,21.914354136949324,22.243059158325195
2016-02-18,22.406270340981095,21.8214054107666
2016-02-19,21.762466064327935,21.771533966064453
2016-02-22,21.83274713176513,21.96196174621582
2016-02-23,21.853147485168304,21.465503692626953
2016-02-24,21.304554172668524,21.785140991210938
2016-02-25,21.773802048590266,21.93475341796875
2016-02-26,22.03449880544172,21.968759536743164
2016-02-29,21.957421562465143,21.91888427734375
2016-03-01,22.13651325835009,22.789386749267578
2016-03-02,22.78485440767674,22.83926010131836
2016-03-03,22.80072265228324,23.009279251098633
2016-03-04,23.206496699205122,23.351579666137695
2016-03-07,23.211032274580887,23.09315299987793
2016-03-08,22.846059749235305,22.902732849121094
2016-03-09,22.96620422577282,22.923133850097656
2016-03-10,22.988876643166282,22.93446922302246
2016-03-11,23.17703142168694,23.18156623840332
2016-03-14,23.102220646937305,23.240501403808594
2016-03-15,23.566942910499492,23.70749282836914
2016-03-16,23.71429264251982,24.022594451904297
2016-03-17,23.92058495294607,23.984060287475586
2016-03-18,24.10646755890895,24.01125717163086
2016-03-21,24.01352242043917,24.008989334106445
2016-03-22,23.859375491492568,24.19261360168457
2016-03-23,24.138206406139542,24.058862686157227
2016-03-24,23.909246336109632,23.9545841217041
2016-03-28,24.029395906310253,23.845775604248047
2016-03-29,23.777762531955794,24.410234451293945
2016-03-30,24.63013275552653,24.836421966552734
2016-03-31,24.87268719566875,24.70720100402832
2016-04-01,24.659597530915683,24.933895111083984
2016-04-04,25.031373946976785,25.190059661865234
2016-04-05,24.82507881496581,24.893085479736328
2016-04-06,24.988299345661485,25.153783798217773
2016-04-07,24.924831418809514,24.605195999145508
2016-04-08,24.689064062059686,24.63239097595215
2016-04-11,24.70266902792122,24.71400260925293
2016-04-12,24.786544736323343,25.035907745361328
2016-04-13,25.117511153116762,25.398609161376953
2016-04-14,25.303406708694705,25.41221809387207
2016-04-15,25.41448207711589,24.902156829833984
2016-04-18,24.684534050133532,24.364898681640625
2016-04-19,24.455571674712676,24.235681533813477
2016-04-20,24.17447610009353,24.285554885864258
2016-04-21,24.240218953318198,24.022594451904297
2016-04-22,23.80496657703028,23.956850051879883
2016-04-25,23.802701214386417,23.820837020874023
2016-04-26,23.55560246076426,23.655345916748047
2016-04-27,21.762466888529023,22.175046920776367
2016-04-28,22.127438753234728,21.497234344482422
2016-04-29,21.306821883011636,21.25014877319336
2016-05-02,21.302290769018946,21.227481842041016
2016-05-03,21.354424537358057,21.576583862304688
2016-05-04,21.58110795905966,21.352149963378906
2016-05-05,21.438827171216985,21.265491485595703
2016-05-06,21.29513624976754,21.146888732910156
2016-05-09,21.21075018185487,21.16285514831543
2016-05-10,21.28601383900242,21.30653953552246
2016-05-11,21.320231675417837,21.099000930786133
2016-05-12,21.146890248583844,20.604076385498047
2016-05-13,20.52653317585696,20.645130157470703
2016-05-16,21.07163309739068,21.411460876464844
2016-05-17,21.56426022160587,21.32250213623047
2016-05-18,21.475317834318677,21.566545486450195
2016-05-19,21.58478852575027,21.48443603515625
2016-05-20,21.584794705241432,21.717077255249023
2016-05-23,21.865323782862813,21.993043899536133
2016-05-24,22.173214878155196,22.328304290771484
2016-05-25,22.503922489891956,22.720592498779297
2016-05-26,22.73427642676213,22.90077018737793
2016-05-27,22.67954169073527,22.887086868286133
2016-05-31,22.716032130013996,22.775331497192383
2016-06-01,22.58375192018023,22.456031799316406
2016-06-02,22.25988499558797,22.287254333496094
2016-06-03,22.303223574100628,22.33287239074707
2016-06-06,22.348830448630295,22.494796752929688
2016-06-07,22.636201479423054,22.58602523803711
2016-06-08,22.58374665114614,22.565502166748047
2016-06-09,22.465150329311918,22.727434158325195
2016-06-10,22.47199233617828,22.540414810180664
2016-06-13,22.508481857158543,22.20058250427246
2016-06-14,22.196028649674783,22.22795867919922
2016-06-15,22.310061512979562,22.154972076416016
2016-06-16,21.997596738890206,22.248477935791016
2016-06-17,22.03637078578012,21.742156982421875
2016-06-20,21.894968666934567,21.6897029876709
2016-06-21,21.653212362356832,21.87444305419922
2016-06-22,21.951979854766034,21.792329788208008
2016-06-23,21.88128539729008,21.917776107788086
2016-06-24,21.1902258866374,21.30198097229004
2016-06-27,21.210747847269868,20.991798400878906
2016-06-28,21.187943220155887,21.345312118530273
2016-06-29,21.43197520877647,21.530046463012695
2016-06-30,21.539176244618556,21.803739547729492
2016-07-01,21.778653190981583,21.869882583618164
2016-07-05,21.755843103078664,21.664613723754883
2016-07-06,21.575673119968283,21.78778076171875
2016-07-07,21.82654984477869,21.881288528442383
2016-07-08,22.006722111772223,22.05005645751953
2016-07-11,22.06602322071992,22.118480682373047
2016-07-12,22.161813866654306,22.21883201599121
2016-07-13,22.21655273826332,22.093393325805664
2016-07-14,22.211989979343457,22.531291961669922
2016-07-15,22.560940796966456,22.529010772705078
2016-07-18,22.510766666065777,22.768489837646484
2016-07-19,22.70690138655792,22.777605056762695
2016-07-20,22.807260777912795,22.798137664794922
2016-07-21,22.7684984113583,22.677268981933594
2016-07-22,22.63848543110948,22.50164222717285
2016-07-25,22.408129372362747,22.20058250427246
2016-07-26,22.081992233524726,22.047780990600586
2016-07-27,23.781127765258628,23.480072021484375
2016-07-28,23.452704090793322,23.79709243774414
2016-07-29,23.762882017396254,23.76744270324707
2016-08-01,23.813056783542745,24.187095642089844
2016-08-02,24.18709723374647,23.829023361206055
2016-08-03,23.90429185885431,24.127803802490234
2016-08-04,24.21035018620521,24.2768497467041
2016-08-05,24.368569912754236,24.646034240722656
2016-08-08,24.655207251081908,24.850120544433594
2016-08-09,24.818016197928273,24.951013565063477
2016-08-10,24.92808258396905,24.765274047851562
2016-08-11,24.884516568350286,24.749225616455078
2016-08-12,24.714833088196727,24.806556701660156
2016-08-15,24.797380514690566,25.10465431213379
2016-08-16,25.139047379467574,25.08172035217285
2016-08-17,25.01750918195698,25.045026779174805
2016-08-18,25.047328393929245,25.01293182373047
2016-08-19,24.941842391231983,25.07713508605957
2016-08-22,24.962482530161843,24.882225036621094
2016-08-23,24.900567312365766,24.960187911987305
2016-08-24,24.895984272529752,24.772157669067383
2016-08-25,24.62539812993419,24.66667366027832
2016-08-26,24.629988087590515,24.522212982177734
2016-08-29,24.448830927280632,24.494691848754883
2016-08-30,24.26079877620653,24.306659698486328
2016-08-31,24.22869546614797,24.32958984375
2016-09-01,24.338759750715155,24.47405242919922
2016-09-02,24.69648461254312,24.703365325927734
2016-09-06,24.74234628535585,24.696483612060547
2016-09-07,24.726298684280053,24.84783172607422
2016-09-08,24.593294214247894,24.196590423583984
2016-09-09,23.994796170441607,23.648540496826172
2016-09-12,23.53848319157382,24.178253173828125
2016-09-13,24.652916499300602,24.75381088256836
2016-09-14,24.93267135538019,25.6297664642334
2016-09-15,26.10902202180415,26.50113868713379
2016-09-16,26.397947780919704,26.35208511352539
2016-09-19,26.414003187971904,26.044816970825195
2016-09-20,25.92327728509548,26.042516708374023
2016-09-21,26.106722811970585,26.037931442260742
2016-09-22,26.221382414761266,26.283296585083008
2016-09-23,26.237430640918873,25.845314025878906
2016-09-26,25.59995676355886,25.88429832458496
2016-09-27,25.91181626549997,25.932453155517578
2016-09-28,26.070036994964525,26.129655838012695
2016-09-29,25.948504283486425,25.72378158569336
2016-09-30,25.787989928201096,25.923282623291016
2016-10-03,25.84531737734946,25.801748275756836
2016-10-04,25.925571661297255,25.911813735961914
2016-10-05,26.003540112167048,25.923282623291016
2016-10-06,26.072330939719812,26.11590003967285
2016-10-07,26.212211369981162,26.154884338378906
2016-10-10,26.375015348597262,26.611204147338867
2016-10-11,26.989567133394818,26.668537139892578
2016-10-12,26.909304602909817,26.907011032104492
2016-10-13,26.780888078092104,26.8244571685791
2016-10-14,27.030837766271492,26.9735107421875
2016-10-17,26.904717804847675,26.95516586303711
2016-10-18,27.099631432928025,26.93682289123535
2016-10-19,26.886376808308796,26.8565673828125
2016-10-20,26.796946845905822,26.84280776977539
2016-10-21,26.785482072987342,26.737327575683594
2016-10-24,26.85197586429112,26.97809600830078
2016-10-25,27.04689327772115,27.115686416625977
2016-10-26,26.21220230348918,26.50571632385254
2016-10-27,26.45986155444408,26.251192092895508
2016-10-28,26.11131612338815,26.076919555664062
2016-10-31,26.06086665557682,26.035642623901367
2016-11-01,26.017300502834686,25.565563201904297
2016-11-02,25.54492408808244,25.588491439819336
2016-11-03,25.579279079416764,25.314220428466797
2016-11-04,25.01458675206725,25.086036682128906
2016-11-07,25.371838245750364,25.447898864746094
2016-11-08,25.424849383254987,25.597713470458984
2016-11-09,25.325737494034183,25.556222915649414
2016-11-10,25.60462355477469,24.844022750854492
2016-11-11,24.689601721187557,24.99153709411621
2016-11-14,24.825583401223696,24.364612579345703
2016-11-15,24.562831665862596,24.687294006347656
2016-11-16,24.592792275878757,25.351089477539062
2016-11-17,25.309603443428,25.34187126159668
2016-11-18,25.288859544046673,25.367223739624023
2016-11-21,25.38105645094683,25.752138137817383
2016-11-22,25.802843808466104,25.768272399902344
2016-11-23,25.666856697844196,25.63689422607422
2016-11-25,25.613847083720533,25.765968322753906
2016-11-28,25.6829974470974,25.71526527404785
2016-11-29,25.533176903566115,25.68990707397461
2016-11-30,25.72217412660102,25.473249435424805
2016-12-01,25.43867576277433,25.23584747314453
2016-12-02,25.162097621171156,25.330352783203125
2016-12-05,25.353391965438583,25.14826011657715
2016-12-06,25.238153525835095,25.34187126159668
2016-12-07,25.182840857302892,25.59079933166504
2016-12-08,25.551617408966116,25.842029571533203
2016-12-09,25.885817069046983,26.263813018798828
2016-12-12,26.111694973729435,26.11400032043457
2016-12-13,26.23846290892882,26.549619674682617
2016-12-14,26.515046505325035,26.549619674682617
2016-12-15,26.59340245964421,26.69481658935547
2016-12-16,26.844639540335297,26.72939682006836
2016-12-19,26.690212668950327,26.883819580078125
2016-12-20,26.906870941075475,26.955272674560547
2016-12-21,26.92070020404036,26.98062515258789
2016-12-22,26.816980648070746,26.803152084350586
2016-12-23,26.64180581635568,26.856157302856445
2016-12-27,26.856159575117243,27.02672004699707
2016-12-28,27.086651454420092,26.911483764648438
2016-12-29,26.840026508970368,26.904563903808594
2016-12-30,26.886119876414828,26.69481658935547
2017-01-03,26.690215911425863,26.770885467529297
2017-01-04,26.701740820761334,26.740922927856445
2017-01-05,26.717871832030987,26.876907348632812
2017-01-06,26.91608880060783,27.176538467407227
2017-01-09,27.185753866605072,27.425458908081055
2017-01-10,27.374753318580193,27.4531192779541
2017-01-11,27.367842816048867,27.60063362121582
2017-01-12,27.404718252510857,27.485387802124023
2017-01-13,27.453120833640746,27.436986923217773
2017-01-17,27.27564416179909,27.65825080871582
2017-01-18,27.6582558932925,27.65595054626465
2017-01-19,27.51996391939094,27.607547760009766
2017-01-20,27.761968545862814,27.65825080871582
2017-01-23,27.658246080500277,27.676685333251953
2017-01-24,27.554525610938633,27.651329040527344
2017-01-25,27.75505753895834,28.09156608581543
2017-01-26,28.04316611778101,28.105398178100586
2017-01-27,28.15148932612858,28.107696533203125
2017-01-30,27.87259838402467,28.033937454223633
2017-01-31,27.9233040334431,27.96940040588379
2017-02-01,29.27856589631015,29.67500114440918
2017-02-02,29.49752833998011,29.62429428100586
2017-02-03,29.57358571546973,29.751060485839844
2017-02-06,29.76258683577543,30.02994728088379
2017-02-07,30.08756448077676,30.315746307373047
2017-02-08,30.27426989505373,30.43330192565918
2017-02-09,30.474961650073816,30.65320587158203
2017-02-10,30.662466795138403,30.583759307861328
2017-02-13,30.805981564963073,30.854591369628906
2017-02-14,30.89626957445426,31.25507164001465
2017-02-15,31.37080923418327,31.368492126464844
2017-02-16,31.40553614463961,31.331462860107422
2017-02-17,31.27357204255693,31.417091369628906
2017-02-21,31.53515904870679,31.643957138061523
2017-02-22,31.581455376037606,31.738866806030273
2017-02-23,31.8013796375104,31.604616165161133
2017-02-24,31.46109293625939,31.634706497192383
2017-02-27,31.74580456876812,31.69719123840332
2017-02-28,31.731938131826247,31.711105346679688
2017-03-01,31.9194370629913,32.359256744384766
2017-03-02,32.40785678261157,32.1671142578125
2017-03-03,32.125448875790894,32.35693359375
2017-03-06,32.26202162051052,32.25507736206055
2017-03-07,32.190260787540375,32.29674530029297
2017-03-08,32.164801400243604,32.17637634277344
2017-03-09,32.116194602915954,32.10230255126953
2017-03-10,32.23424947297739,32.20878601074219
2017-03-13,32.141653978128474,32.22267150878906
2017-03-14,32.24582816224242,32.174068450927734
2017-03-15,32.271294973252054,32.51435470581055
2017-03-16,32.574525434793216,32.56758117675781
2017-03-17,32.63934639760594,32.405548095703125
2017-03-20,32.500453761984666,32.74583053588867
2017-03-21,32.896301971414346,32.37083053588867
2017-03-22,32.373150596830136,32.73657989501953
2017-03-23,32.69952685533957,32.62082290649414
2017-03-24,32.75508436437389,32.556007385253906
2017-03-27,32.26665494689288,32.611568450927734
2017-03-28,32.61850413642617,33.28749465942383
2017-03-29,33.259726043365966,33.36157989501953
2017-03-30,33.377792370818874,33.317604064941406
2017-03-31,33.26897732131541,33.255088806152344
2017-04-03,33.266667998720514,33.26435089111328
2017-04-04,33.160181470706064,33.51203918457031
2017-04-05,33.38471709229847,33.33842086791992
2017-04-06,33.40092174754032,33.255088806152344
2017-04-07,33.27130155369623,33.18102264404297
2017-04-10,33.24120667710491,33.141666412353516
2017-04-11,33.0884273795252,32.78518295288086
2017-04-12,32.77823532106274,32.82453155517578
2017-04-13,32.8499940329233,32.650917053222656
2017-04-17,32.75046847022792,32.83148956298828
2017-04-18,32.734259408881314,32.685646057128906
2017-04-19,32.84305396640531,32.565269470214844
2017-04-20,32.690286449674474,32.97269821166992
2017-04-21,32.972682512554464,32.93333053588867
2017-04-24,33.21806910614663,33.2504768371582
2017-04-25,33.31297015288324,33.45648956298828
2017-04-26,33.44260624583203,33.25973129272461
2017-04-27,33.31528854815854,33.285194396972656
2017-04-28,33.354627110533805,33.25277328491211
2017-05-01,33.588433880966676,33.9310302734375
2017-05-02,34.15325315777337,34.14630889892578
2017-05-03,33.70186193025296,34.042144775390625
2017-05-04,33.917150535140614,33.919464111328125
2017-05-05,33.972694921289396,34.481964111328125
2017-05-08,34.49815993257278,35.41946792602539
2017-05-09,35.61855503173614,35.64633560180664
2017-05-10,35.56299625541878,35.47734451293945
2017-05-11,35.43550038676426,35.78416061401367
2017-05-12,35.958486725364196,36.283905029296875
2017-05-15,36.26299675628336,36.190940856933594
2017-05-16,36.24672122535091,36.137474060058594
2017-05-17,35.702801439500476,34.92412567138672
2017-05-18,35.16123201100826,35.45642852783203
2017-05-19,35.65167213339255,35.57728958129883
2017-05-22,35.795795415506454,35.79347229003906
2017-05-23,36.00499167515767,35.74930953979492
2017-05-24,35.75859986186376,35.64237976074219
2017-05-25,35.733030108877166,35.76557159423828
2017-05-26,35.79578687164032,35.705135345458984
2017-05-30,35.660975642407706,35.719085693359375
2017-05-31,35.78881875413772,35.507564544677734
2017-06-01,35.602848079550064,35.60517120361328
2017-06-02,35.69816195842354,36.1328239440918
2017-06-05,35.874815635389034,35.77951431274414
2017-06-06,35.7725439958314,35.900386810302734
2017-06-07,36.032875365239036,36.114227294921875
2017-06-08,36.08633878049801,36.02590560913086
2017-06-09,36.07240773011959,34.62895202636719
2017-06-12,33.87583902444526,33.801456451416016
2017-06-13,34.20589882874218,34.07340621948242
2017-06-14,34.28492554192561,33.74101638793945
2017-06-15,33.31332415824368,33.538787841796875
2017-06-16,33.420254542962795,33.069271087646484
2017-06-19,33.39236266710712,34.01530075073242
2017-06-20,34.13848894224757,33.70615005493164
2017-06-21,33.82471110851781,33.906063079833984
2017-06-22,33.882814623906064,33.85027313232422
2017-06-23,33.73404560544495,34.00135040283203
2017-06-26,34.208228063547345,33.89443588256836
2017-06-27,33.70615740465239,33.408634185791016
2017-06-28,33.58527863851477,33.89674758911133
2017-06-29,33.636419820909026,33.397003173828125
2017-06-30,33.57598747388138,33.47603988647461
2017-07-03,33.675932135887265,33.35516357421875
2017-07-05,33.39933490345308,33.4923095703125
2017-07-06,33.24359524570328,33.176185607910156
2017-07-07,33.215702390068536,33.51322555541992
2017-07-10,33.49694459692124,33.7177619934082
2017-07-11,33.641077267678725,33.827030181884766
2017-07-12,33.906050232366475,33.87583541870117
2017-07-13,33.82005407230603,34.347694396972656
2017-07-14,34.39418551130937,34.64289474487305
2017-07-17,34.591752319997376,34.763755798339844
2017-07-18,34.680072184713886,34.884620666503906
2017-07-19,34.9776068083503,35.103126525878906
2017-07-20,35.21469607209489,34.945064544677734
2017-07-21,34.863715686827504,34.92879867553711
2017-07-24,35.0008461000464,35.351829528808594
2017-07-25,35.28442388288951,35.5029182434082
2017-07-26,35.6447157004753,35.670284271240234
2017-07-27,35.73768936034904,34.9962043762207
2017-07-28,34.84046462425895,34.749813079833984
2017-07-31,34.84278207309928,34.57082748413086
2017-08-01,34.65682995293205,34.877647399902344
2017-08-02,37.023060271629454,36.525638580322266
2017-08-03,36.504731301549455,36.16072082519531
2017-08-04,36.27693934864346,36.351318359375
2017-08-07,36.50705942912539,36.9138298034668
2017-08-08,36.86502718411339,37.20903778076172
2017-08-09,37.01842033755663,37.43681335449219
2017-08-10,37.31313822763123,36.244384765625
2017-08-11,36.543076338748016,36.7484245300293
2017-08-14,37.17780633363452,37.301483154296875
2017-08-15,37.49048272776531,37.709835052490234
2017-08-16,37.78917191458455,37.55815124511719
2017-08-17,37.45782075421376,36.837100982666016
2017-08-18,36.837097109852,36.753089904785156
2017-08-21,36.75310324796429,36.68543243408203
2017-08-22,36.9234469170866,37.2851448059082
2017-08-23,37.1194538987471,37.33180236816406
2017-08-24,37.43681681619273,37.16613006591797
2017-08-25,37.254789184976026,37.303794860839844
2017-08-28,37.36914451678862,37.67950439453125
2017-08-29,37.35980841806438,38.01552963256836
2017-08-30,38.223214140132114,38.11820602416992
2017-08-31,38.185878807552115,38.2698860168457
2017-09-01,38.45656606993318,38.281551361083984
2017-09-05,38.21155270980482,37.82185363769531
2017-09-06,37.96887154412259,37.782188415527344
2017-09-07,37.82418803114955,37.6305046081543
2017-09-08,37.53716082075135,37.01678466796875
2017-09-11,37.4531476047386,37.686500549316406
2017-09-12,37.945530520517316,37.53716278076172
2017-09-13,37.30613682555857,37.254798889160156
2017-09-14,37.10079036191123,36.93510818481445
2017-09-15,36.979450719846646,37.30847930908203
2017-09-18,37.362144264850784,37.02611541748047
2017-09-19,37.222141885694754,37.04012680053711
2017-09-20,36.846435917023044,36.419403076171875
2017-09-21,36.3563877722776,35.79400634765625
2017-09-22,35.36231001578385,35.44398498535156
2017-09-25,35.00059433942597,35.13127136230469
2017-09-26,35.41831561123845,35.73567581176758
2017-09-27,35.88969591922678,35.99003601074219
2017-09-28,35.91068651104982,35.768341064453125
2017-09-29,35.752022159334864,35.96437072753906
2017-10-02,35.99702548189776,35.89201736450195
2017-10-03,35.9386941667219,36.048370361328125
2017-10-04,35.85001515000581,35.81501007080078
2017-10-05,35.978360627753474,36.260719299316406
2017-10-06,36.16270867171578,36.239715576171875
2017-10-09,36.35872235264648,36.36572265625
2017-10-10,36.41706373948242,36.37972640991211
2017-10-11,36.39607266093036,36.53141784667969
2017-10-12,36.484739694715245,36.4030647277832
2017-10-13,36.57340874521874,36.63408279418945
2017-10-16,36.84643779882987,37.30847930908203
2017-10-17,37.28513761287271,37.44615173339844
2017-10-18,37.43448179679161,37.28046798706055
2017-10-19,36.578070656520225,36.39838790893555
2017-10-20,36.545413931245726,36.46140670776367
2017-10-23,36.61075585646932,36.44274139404297
2017-10-24,36.4707367962146,36.65975570678711
2017-10-25,36.61541381522758,36.49873733520508
2017-10-26,36.69008461231614,36.73208999633789
2017-10-27,37.17080052105302,38.04821014404297
2017-10-30,38.24421655987855,38.904605865478516
2017-10-31,39.17997680324569,39.44599914550781
2017-11-01,39.63966571812375,38.94427490234375
2017-11-02,38.876600295480515,39.22896194458008
2017-11-03,40.603409211531925,40.253379821777344
2017-11-06,40.223049889605925,40.6617546081543
2017-11-07,40.58241843039198,40.79243469238281
2017-11-08,40.757427246103816,41.12612533569336
2017-11-09,40.862446697626574,41.04212951660156
2017-11-10,41.009340776648685,40.90629577636719
2017-11-13,40.63228489422871,40.74235534667969
2017-11-14,40.52454823460366,40.12642288208008
2017-11-15,39.80559862253724,39.59716796875
2017-11-16,40.08896841370907,40.07023620605469
2017-11-17,40.05617843744174,39.847747802734375
2017-11-20,39.88052507336638,39.807926177978516
2017-11-21,39.99528829198253,40.54798126220703
2017-11-22,40.599500431570824,40.97420883178711
2017-11-24,41.00700095951698,40.97655487060547
2017-11-27,40.995283969286405,40.77045822143555
2017-11-28,40.819640671827266,40.531585693359375
2017-11-29,40.4285405227249,39.690834045410156
2017-11-30,39.9133131291183,40.24586868286133
2017-12-01,39.800897406193066,40.058509826660156
2017-12-04,40.393398417631744,39.76576614379883
2017-12-05,39.5924741130353,39.72830581665039
2017-12-06,39.22712500831736,39.580753326416016
2017-12-07,39.58544845064818,39.65336608886719
2017-12-08,39.92736686279802,39.665069580078125
2017-12-11,39.625262129811176,40.43790817260742
2017-12-12,40.31611710207307,40.210731506347656
2017-12-13,40.39808995652481,40.3442268371582
2017-12-14,40.37468380381599,40.3325309753418
2017-12-15,40.66273097743377,40.74235534667969
2017-12-18,40.95548522691672,41.316139221191406
2017-12-19,40.99059451317676,40.87583923339844
2017-12-20,40.95312942821834,40.83135223388672
2017-12-21,40.78919583290488,40.98591613769531
2017-12-22,40.908632395066746,40.98591613769531
2017-12-26,39.99996144279593,39.94609832763672
2017-12-27,39.83604050325153,39.9531364440918
2017-12-28,40.046812163577286,40.065547943115234
2017-12-29,39.934407093019225,39.63229751586914
2018-01-02,39.850080130528944,40.341880798339844
2018-01-03,40.405112383133705,40.33485412597656
2018-01-04,40.407457696409296,40.522212982177734
2018-01-05,40.618238978565536,40.983577728271484
2018-01-08,40.83135223388672,40.83135223388672
2018-01-09,40.87819410074322,40.8266716003418
2018-01-10,40.55266829963054,40.81730270385742
2018-01-11,40.887559405570876,41.04915237426758
2018-01-12,41.25992225875077,41.47303771972656
2018-01-16,41.662726478142304,41.26226043701172
2018-01-17,41.252898636063065,41.94376754760742
2018-01-18,42.00698912004785,41.98122787475586
2018-01-19,41.82900017607158,41.79387283325195
2018-01-22,41.52221597276173,41.45195770263672
2018-01-23,41.52220731072736,41.4613151550293
2018-01-24,41.510508202321624,40.800907135009766
2018-01-25,40.86881783456247,40.072566986083984
2018-01-26,40.2809998043608,40.16624450683594
2018-01-29,39.85009466611676,39.33487319946289
2018-01-30,38.76577147943991,39.10300827026367
2018-01-31,39.07959987736474,39.21074676513672
2018-02-01,39.149855976180945,39.2927131652832
2018-02-02,38.87585054676852,37.58779525756836
2018-02-05,37.259926352819406,36.648685455322266
2018-02-06,36.259921731587134,38.180294036865234
2018-02-07,38.19435027749091,37.36296844482422
2018-02-08,37.538611584893964,36.33486557006836
2018-02-09,36.93448689935861,36.77928924560547
2018-02-12,37.27074644509429,38.26071548461914
2018-02-13,38.08200063663708,38.64400100708008
2018-02-14,38.33831316239398,39.35649871826172
2018-02-15,39.925570787906274,40.678043365478516
2018-02-16,40.52989016661168,40.546348571777344
2018-02-20,40.456986503540875,40.40995788574219
2018-02-21,40.640407990824755,40.2265510559082
2018-02-22,40.398191808069974,40.56279373168945
2018-02-23,40.837934356890266,41.268253326416016
2018-02-26,41.46811865630413,42.08420181274414
2018-02-27,42.114766828451785,41.947811126708984
2018-02-28,42.15240169394147,41.884334564208984
2018-03-01,41.983094552063186,41.15067672729492
2018-03-02,40.63335240605755,41.435203552246094
2018-03-05,41.2000498848644,41.578636169433594
2018-03-06,41.83495635006942,41.543373107910156
2018-03-07,41.1365525079349,41.15771484375
2018-03-08,41.26353397569167,41.606849670410156
2018-03-09,41.846699766789705,42.321693420410156
2018-03-12,42.39459999300716,42.73086166381836
2018-03-13,42.93543052183893,42.3193473815918
2018-03-14,42.401648720566676,41.959571838378906
2018-03-15,41.973686339074305,42.00895690917969
2018-03-16,42.00894928177119,41.860809326171875
2018-03-19,41.696211599289306,41.221214294433594
2018-03-20,41.20710754394531,41.20710754394531
2018-03-21,41.16006747469234,40.27356719970703
2018-03-22,39.974930763868414,39.70451354980469
2018-03-23,39.59634667471418,38.785091400146484
2018-03-26,39.52110078560363,40.62628936767578
2018-03-27,40.840277246909274,39.5845947265625
2018-03-28,39.3282845706032,39.147220611572266
2018-03-29,39.459969305990974,39.45291519165039
2018-04-02,39.18484391069471,39.19424819946289
2018-04-03,39.41999160319373,39.596351623535156
2018-04-04,38.77099071456574,40.3535270690918
2018-04-05,40.5816178114042,40.63335037231445
2018-04-06,40.203026977373334,39.593997955322266
2018-04-09,39.94671220845235,39.98668670654297
2018-04-10,40.68038339325876,40.73917007446289
2018-04-11,40.49931603844929,40.54869842529297
2018-04-12,40.77678069036118,40.94843673706055
2018-04-13,41.09893532790292,41.08717727661133
2018-04-16,41.15772271587,41.34349060058594
2018-04-17,41.50103757309891,41.91254425048828
2018-04-18,41.81143114656128,41.818485260009766
2018-04-19,40.8590891944193,40.63335037231445
2018-04-20,40.11602666710039,38.968509674072266
2018-04-23,39.22951508515344,38.85563278198242
2018-04-24,38.95674193109598,38.31479263305664
2018-04-25,38.23955349982821,38.481754302978516
2018-04-26,38.59227521560373,38.61579132080078
2018-04-27,38.56405100150369,38.16900634765625
2018-04-30,38.124337172004125,38.86034393310547
2018-05-01,39.13075300255163,39.76329803466797
2018-05-02,41.20475618707623,41.51985549926758
2018-05-03,41.357599730142326,41.595096588134766
2018-05-04,41.91489748833844,43.22701644897461
2018-05-07,43.544460939850644,43.53976058959961
2018-05-08,43.49978759299765,43.74904251098633
2018-05-09,43.86662248516598,44.057090759277344
2018-05-10,44.14644042182307,44.68727493286133
2018-05-11,44.729757490410215,44.51730728149414
2018-05-14,44.61646590993839,44.41345977783203
2018-05-15,44.090053433523465,44.009796142578125
2018-05-16,43.92245540885511,44.42052459716797
2018-05-17,44.378045851766245,44.13963317871094
2018-05-18,44.186850371576995,43.979122161865234
2018-05-21,44.37804142960773,44.29070281982422
2018-05-22,44.46774160693422,44.17975616455078
2018-05-23,43.9885504946515,44.463016510009766
2018-05-24,44.55981538127905,44.41345977783203
2018-05-25,44.43232966932365,44.514949798583984
2018-05-29,44.2836256330916,44.35443878173828
2018-05-30,44.311949436914176,44.26001739501953
2018-05-31,44.19392538167832,44.111305236816406
2018-06-01,44.375701793305176,44.906822204589844
2018-06-04,45.23727665487343,45.282127380371094
2018-06-05,45.5748268511521,45.63147735595703
2018-06-06,45.70702960425292,45.78964614868164
2018-06-07,45.82741524698312,45.666900634765625
2018-06-08,45.12633392541683,45.251441955566406
2018-06-11,45.168827977572434,45.140499114990234
2018-06-12,45.17826024305868,45.38834762573242
2018-06-13,45.421389130185375,45.015377044677734
2018-06-14,45.21602241364901,45.03898239135742
2018-06-15,44.85723627067669,44.576332092285156
2018-06-18,44.34972444416655,44.552730560302734
2018-06-19,43.70292214982932,43.8327522277832
2018-06-20,43.988549731836606,44.023956298828125
2018-06-21,44.20101467940542,43.778480529785156
2018-06-22,43.9342567006344,43.65099334716797
2018-06-25,43.29219866020999,43.001853942871094
2018-06-26,43.19542160237072,43.535335540771484
2018-06-27,43.72417870729085,43.47160339355469
2018-06-28,43.45744467806071,43.78791809082031
2018-06-29,43.97439168953857,43.69585037231445
2018-07-02,43.39135394111396,44.18449020385742
2018-07-03,44.32847315433098,43.414947509765625
2018-07-05,43.7312539663266,43.76430130004883
2018-07-06,43.769012024504185,44.370948791503906
2018-07-09,44.732122424839176,44.987060546875
2018-07-10,45.01776061609463,44.93278121948242
2018-07-11,44.49607580388834,44.34972381591797
2018-07-12,44.739200691620816,45.09328079223633
2018-07-13,45.10508348308806,45.16409683227539
2018-07-16,45.208945560083855,45.0649528503418
2018-07-17,44.79112713456674,45.19241714477539
2018-07-18,45.270323498314276,44.9445686340332
2018-07-19,44.77697627392988,45.2939338684082
2018-07-20,45.2703207681167,45.1900634765625
2018-07-23,45.01066634341688,45.23019790649414
2018-07-24,45.42848135702797,45.558311462402344
2018-07-25,45.5724853025433,45.98794174194336
2018-07-26,45.93835302616852,45.84393310546875
2018-07-27,46.02805846960155,45.08148193359375
2018-07-30,45.29865102564653,44.82890701293945
2018-07-31,44.92096482906494,44.918601989746094
2018-08-01,47.00531668637743,47.564762115478516
2018-08-02,47.347596824930974,48.95512008666992
2018-08-03,48.87013929851241,49.09675216674805
2018-08-06,49.099113301413,49.35169219970703
2018-08-07,49.41071402429666,48.889034271240234
2018-08-08,48.638806176044675,48.92206954956055
2018-08-09,49.46027226984365,49.30683898925781
2018-08-10,49.119699947958416,49.159969329833984
2018-08-13,49.58161098218759,49.47738265991211
2018-08-14,49.7829742500463,49.68585205078125
2018-08-15,49.56030572186097,49.80192565917969
2018-08-16,50.15961925273996,50.531524658203125
2018-08-17,50.55994196684519,51.54063034057617
2018-08-20,51.66381098233199,51.03844451904297
2018-08-21,51.355866802900465,50.9389533996582
2018-08-22,50.71628202538283,50.94131851196289
2018-08-23,50.84656446640167,51.04554748535156
2018-08-24,51.30848248336093,51.204254150390625
2018-08-27,51.43877726016409,51.62591552734375
2018-08-28,51.87937510705867,52.042823791503906
2018-08-29,52.14940409234247,52.81977844238281
2018-08-30,52.883752406159765,53.30540084838867
2018-08-31,53.65598183805528,53.92129135131836
2018-09-04,54.10606018131684,54.094215393066406
2018-09-05,54.24345135322492,53.74126052856445
2018-09-06,53.58965298703606,52.84821701049805
2018-09-07,52.55212230196686,52.421836853027344
2018-09-10,52.338931637986526,51.71830368041992
2018-09-11,51.64248569233353,53.025875091552734
2018-09-12,53.284088783398055,52.36735916137695
2018-09-13,52.947710684106966,53.63229751586914
2018-09-14,53.47595028807236,53.02350616455078
2018-09-17,52.623178686440205,51.611698150634766
2018-09-18,51.59036481193814,51.696964263916016
2018-09-19,51.75855985278835,51.72776412963867
2018-09-20,52.17073741523038,52.12099075317383
2018-09-21,52.29864634544323,51.55957794189453
2018-09-24,51.36060612339808,52.301021575927734
2018-09-25,52.05466138008016,52.632652282714844
2018-09-26,52.350774327132186,52.213382720947266
2018-09-27,53.018783603676255,53.28645706176758
2018-09-28,53.24854310635677,53.47358322143555
2018-10-01,53.99709737440657,53.833648681640625
2018-10-02,53.831272693023216,54.31214141845703
2018-10-03,54.49455167122827,54.973052978515625
2018-10-04,54.66747000693128,54.00657272338867
2018-10-05,53.99946159836693,53.130104064941406
2018-10-08,52.63740461896998,53.00693893432617
2018-10-09,52.976134925197805,53.74126052856445
2018-10-10,53.407261684262664,51.25164031982422
2018-10-11,50.81577776199736,50.7991943359375
2018-10-12,52.21337092805712,52.61370086669922
2018-10-15,52.388671274904624,51.488521575927734
2018-10-16,51.86041853976065,52.62317657470703
2018-10-17,52.658717060301136,52.39577865600586
2018-10-18,51.60695750381726,51.17109680175781
2018-10-19,51.65434160894815,51.950443267822266
2018-10-22,52.06413093878424,52.26784896850586
2018-10-23,51.12609101465835,52.76057052612305
2018-10-24,52.7297710181552,50.95079040527344
2018-10-25,51.571428208874636,52.06650924682617
2018-10-26,51.14267587517956,51.237430572509766
2018-10-29,51.92200853594996,50.27568435668945
2018-10-30,50.01747091096063,50.52676773071289
2018-10-31,51.374817589984865,51.843841552734375
2018-11-01,51.88885334996772,52.639766693115234
2018-11-02,49.6384860677963,49.14813995361328
2018-11-05,48.394849066781845,47.752899169921875
2018-11-06,47.831081867941904,48.26931381225586
2018-11-07,48.7904402414107,49.73322677612305
2018-11-08,49.9138823091573,49.55970001220703
2018-11-09,48.86085089825329,48.6041259765625
2018-11-12,47.3038566025874,46.15572738647461
2018-11-13,45.55195754100879,45.694580078125
2018-11-14,46.091555206997754,44.403831481933594
2018-11-15,44.78177050498005,45.49964904785156
2018-11-16,45.28332778596097,46.00358200073242
2018-11-19,45.16449604249276,44.18038558959961
2018-11-20,42.39994422370587,42.06953048706055
2018-11-21,42.723221376680144,42.0219841003418
2018-11-23,41.58460546368542,40.95467758178711
2018-11-26,41.418222208859426,41.508548736572266
2018-11-27,40.76926040452482,41.41820526123047
2018-11-28,42.01010503821361,43.01085662841797
2018-11-29,43.419714327370095,42.680442810058594
2018-11-30,42.85634948210918,42.44987106323242
2018-12-03,43.8475839184316,43.93315887451172
2018-12-04,43.01323300197177,42.0005989074707
2018-12-06,40.828697494715655,41.53231430053711
2018-12-07,41.23993462067818,40.051395416259766
2018-12-10,39.22178547888754,40.315242767333984
2018-12-11,40.8049254280497,40.08467102050781
2018-12-12,40.50541315416228,40.19639587402344
2018-12-13,40.526810600535384,40.63615417480469
2018-12-14,40.17262821859903,39.33589553833008
2018-12-17,39.32875174502848,38.96981430053711
2018-12-18,39.31212769156932,39.47614669799805
2018-12-19,39.45949914866977,38.24481201171875
2018-12-20,38.12832368909865,37.27970886230469
2018-12-21,37.28684269984785,35.82969284057617
2018-12-24,35.216413747515475,34.90264129638672
2018-12-26,35.25207483147406,37.36054229736328
2018-12-27,37.04439128438854,37.118080139160156
2018-12-28,37.43897869883537,37.137088775634766
2018-12-31,37.68382796371949,37.49604034423828
2019-01-02,36.81856021612245,37.538814544677734
2019-01-03,34.225170383128884,33.79967498779297
2019-01-04,34.355919593258925,35.24256896972656
2019-01-07,35.3471481073425,35.16411209106445
2019-01-08,35.55158069885025,35.83445358276367
2019-01-09,35.9628222484995,36.4429931640625
2019-01-10,36.250442609046516,36.55946350097656
2019-01-11,36.34075843310521,36.20050811767578
2019-01-14,35.85822297159505,35.65616989135742
2019-01-15,35.72035038921636,36.38593292236328
2019-01-16,36.38831148508509,36.830448150634766
2019-01-17,36.65454885295936,37.04914474487305
2019-01-18,37.43897950260748,37.277339935302734
2019-01-22,37.17988043233495,36.440608978271484
2019-01-23,36.64265395320385,36.587982177734375
2019-01-24,36.63315783912755,36.29798889160156
2019-01-25,36.95880474811653,37.50077819824219
2019-01-28,37.032502794745874,37.15373611450195
2019-01-29,37.141837722602936,36.76863479614258
2019-01-30,38.805800046935204,39.28121566772461
2019-01-31,39.48564290460484,39.5640869140625
2019-02-01,39.68770283999932,39.58311080932617
2019-02-04,39.79466519430484,40.707462310791016
2019-02-05,41.09016970398383,41.4039421081543
2019-02-06,41.51566269527601,41.41820526123047
2019-02-07,40.98083671850578,40.633785247802734
2019-02-08,40.342518672594075,40.68151092529297
2019-02-11,40.83431156223369,40.44757080078125
2019-02-12,40.60751907825849,40.796112060546875
2019-02-13,40.91547911908736,40.626617431640625
2019-02-14,40.514411986165825,40.77462387084961
2019-02-15,40.88205832041398,40.68391418457031
2019-02-19,40.51440489778186,40.80564880371094
2019-02-20,40.867726324078575,41.06825637817383
2019-02-21,41.013340836121735,40.8366813659668
2019-02-22,40.960817619064144,41.29264831542969
2019-02-25,41.5767434384209,41.59345245361328
2019-02-26,41.46933029397214,41.617340087890625
2019-02-27,41.34995418814767,41.746238708496094
2019-02-28,41.614942642381884,41.335628509521484
2019-03-01,41.60540388204712,41.77012634277344
2019-03-04,41.94200066357132,41.98019790649414
2019-03-05,42.00166855677623,41.90378952026367
2019-03-06,41.698504482682424,41.662696838378906
2019-03-07,41.507517139799894,41.18046188354492
2019-03-08,40.66002902210845,41.2783317565918
2019-03-11,41.894251912678726,42.708309173583984
2019-03-12,42.97091720915733,43.18815994262695
2019-03-13,43.50805008474166,43.3791389465332
2019-03-14,43.9019532945051,43.86137008666992
2019-03-15,44.12874944847758,44.43193054199219
2019-03-18,44.35553080588926,44.88550567626953
2019-03-19,44.96428197260884,44.5297966003418
2019-03-20,44.45818824186077,44.9189338684082
2019-03-21,45.36296526328095,46.57331085205078
2019-03-22,46.63298312227623,45.60884475708008
2019-03-25,45.718664121662755,45.05739212036133
2019-03-26,45.754465917207064,44.591861724853516
2019-03-27,45.05977089349775,44.99292755126953
2019-03-28,45.10753383619267,45.05262756347656
2019-03-29,45.31761014175297,45.346256256103516
2019-04-01,45.74969859774028,45.65420913696289
2019-04-02,45.618394463613456,46.317867279052734
2019-04-03,46.13405100118274,46.635379791259766
2019-04-04,46.50168455596151,46.7165412902832
2019-04-05,46.89797705880911,47.02927780151367
2019-04-08,46.890818296018026,47.76933670043945
2019-04-09,47.821852946309676,47.626094818115234
2019-04-10,47.43033920962285,47.893470764160156
2019-04-11,47.948384670620705,47.49480056762695
2019-04-12,47.55446172503456,47.47568130493164
2019-04-15,47.40646659401936,47.56163787841797
2019-04-16,47.61655585193327,47.56642150878906
2019-04-17,47.63563829093036,48.492671966552734
2019-04-18,48.49029070265323,48.66695022583008
2019-04-22,48.421049618013726,48.82688522338867
2019-04-23,48.803020377452285,49.5311393737793
2019-04-24,49.50249097577655,49.45474624633789
2019-04-25,49.37596752439472,49.00593948364258
2019-04-26,48.91522210882772,48.77198791503906
2019-04-29,48.79586251694633,48.84599685668945
2019-04-30,48.475972774625596,47.90541458129883
2019-05-01,50.104096358700275,50.25688171386719
2019-05-02,50.09453580499543,49.929813385009766
2019-05-03,50.34520476397623,50.55051040649414
2019-05-06,48.76959896429785,49.769866943359375
2019-05-07,49.149176286929475,48.428218841552734
2019-05-08,48.19903973218028,48.437767028808594
2019-05-09,47.84094865644529,47.91734313964844
2019-05-10,47.31103365411857,47.253517150878906
2019-05-13,44.98407358813538,44.50717544555664
2019-05-14,44.67253361534113,45.21173858642578
2019-05-15,44.63897123783222,45.753326416015625
2019-05-16,45.51128917058567,45.55202865600586
2019-05-17,44.79714261326525,45.293212890625
2019-05-20,43.979949669541405,43.87689971923828
2019-05-21,44.387349829515756,44.71806335449219
2019-05-22,44.25315686321009,43.80261993408203
2019-05-23,43.08847058296319,43.0549201965332
2019-05-24,43.184317369517565,42.88955307006836
2019-05-28,42.877572173999866,42.712215423583984
2019-05-29,42.278459651091545,42.508522033691406
2019-05-30,42.64512229809682,42.729000091552734
2019-05-31,42.2329281309598,41.95494079589844
2019-06-03,42.08194583387988,41.530757904052734
2019-06-04,42.043606173066934,43.05012130737305
2019-06-05,44.16208845470289,43.74510192871094
2019-06-06,43.87450831444031,44.387351989746094
2019-06-07,44.69649209879013,45.56880569458008
2019-06-10,45.966617016110206,46.151145935058594
2019-06-11,46.697541381656485,46.6855583190918
2019-06-12,46.47945935767915,46.5369758605957
2019-06-13,46.65919972341008,46.52739334106445
2019-06-14,45.90431499766962,46.18949508666992
2019-06-17,46.22782880502471,46.46508026123047
2019-06-18,46.98272986269059,47.55788040161133
2019-06-19,47.852640304899516,47.418880462646484
2019-06-20,48.0179909537039,47.7999153137207
2019-06-21,47.64174921755458,47.63695526123047
2019-06-24,47.57944330591722,47.58903121948242
2019-06-25,47.5530846009983,46.867698669433594
2019-06-26,47.394914882557444,47.88139724731445
2019-06-27,47.99882237571496,47.86701965332031
2019-06-28,47.61298872692093,47.43085861206055
2019-07-01,48.689011483830775,48.300785064697266
2019-07-02,48.26723307900931,48.58356475830078
2019-07-03,48.715369842636605,48.98617172241211
2019-07-05,48.732144758506294,48.943031311035156
2019-07-08,48.123439407842795,47.934120178222656
2019-07-09,47.73762394294552,48.226505279541016
2019-07-10,48.37267453109264,48.70338439941406
2019-07-11,48.72255343160577,48.34870529174805
2019-07-12,48.516467933836616,48.72016906738281
2019-07-15,48.90948024847616,49.177886962890625
2019-07-16,49.02930734168184,49.00774002075195
2019-07-17,48.89989531082296,48.73214340209961
2019-07-18,48.887910373943456,49.28572463989258
2019-07-19,49.31688305319296,48.55001449584961
2019-07-22,48.80404366458104,49.659584045410156
2019-07-23,49.95672731417016,50.04779052734375
2019-07-24,49.76742197149024,50.0070686340332
2019-07-25,50.05979815479611,49.61166000366211
2019-07-26,49.72188828871622,49.78419876098633
2019-07-29,49.95673802217077,50.24910354614258
2019-07-30,50.028630420839946,50.033424377441406
2019-07-31,51.86432039500686,51.05431365966797
2019-08-01,51.260410296588674,49.94954299926758
2019-08-02,49.25456524370601,48.8927001953125
2019-08-05,47.447633775242544,46.333274841308594
2019-08-06,47.04502381388391,47.21038055419922
2019-08-07,46.829349729619025,47.69926452636719
2019-08-08,47.97725466372589,48.751312255859375
2019-08-09,48.424162442131816,48.34959030151367
2019-08-12,48.0200188898601,48.226898193359375
2019-08-13,48.35681221469727,50.26924133300781
2019-08-14,48.87159379466716,48.77296447753906
2019-08-15,48.94376504847943,48.530006408691406
2019-08-16,49.141015463618594,49.675052642822266
2019-08-19,50.666136435377204,50.60118865966797
2019-08-20,50.728686463377464,50.60359573364258
2019-08-21,51.23626937835333,51.15207290649414
2019-08-22,51.28438179246483,51.1087760925293
2019-08-23,50.379887338546645,48.74650573730469
2019-08-26,49.52110480398056,49.67265701293945
2019-08-27,50.00222065112086,49.112159729003906
2019-08-28,49.09772024659994,49.441715240478516
2019-08-29,50.15616772556869,50.27885055541992
2019-08-30,50.55548839646647,50.213897705078125
2019-09-03,49.658206843819315,49.482601165771484
2019-09-04,50.1297009283662,50.322147369384766
2019-09-05,50.99812498900019,51.30603790283203
2019-09-06,51.49126598584614,51.30122375488281
2019-09-09,51.681306852217865,51.52013397216797
2019-09-10,51.445553151541986,52.12873458862305
2019-09-11,52.45830560814016,53.78617858886719
2019-09-12,54.07724020717161,53.66588592529297
2019-09-13,52.92257603236607,52.62187957763672
2019-09-16,52.37651657004013,52.89852523803711
2019-09-17,52.9129477153141,53.09095764160156
2019-09-18,53.177558655838446,53.58891296386719
2019-09-19,53.406104624300454,53.15352249145508
2019-09-20,53.254534840679035,52.37649917602539
2019-09-23,52.66998547056386,52.61465835571289
2019-09-24,53.17035861228156,52.3644905090332
2019-09-25,52.573772160146284,53.170352935791016
2019-09-26,52.92258341729287,52.896121978759766
2019-09-27,53.05248026433511,52.63872528076172
2019-09-30,53.13908166091836,53.877593994140625
2019-10-01,54.14219965889246,54.026729583740234
2019-10-02,53.65868365787057,52.672401428222656
2019-10-03,52.54490352557878,53.11983871459961
2019-10-04,54.27932074932847,54.608882904052734
2019-10-07,54.430868293138765,54.620906829833984
2019-10-08,54.32262393488646,53.98102951049805
2019-10-09,54.61369323730469,54.61369323730469
2019-10-10,54.830195725330384,55.34980010986328
2019-10-11,56.03779508860913,56.82201385498047
2019-10-14,56.50687076716353,56.740211486816406
2019-10-15,56.86529673329411,56.60790252685547
2019-10-16,56.138822117334186,56.37937927246094
2019-10-17,56.55257922947988,56.59828567504883
2019-10-18,56.432305194279344,56.870121002197266
2019-10-21,57.137132230710584,57.85639572143555
2019-10-22,58.01276989960297,57.72410202026367
2019-10-23,58.2388930421775,58.49869155883789
2019-10-24,58.81863370887046,58.59491729736328
2019-10-25,58.49388048589636,59.316585540771484
2019-10-28,59.51865722233358,59.9107666015625
2019-10-29,59.89152079103439,58.52515411376953
2019-10-30,58.87876862858786,58.5179328918457
2019-10-31,59.47535156050555,59.84099578857422
2019-11-01,60.02863102849158,61.53933334350586
2019-11-04,61.90257586520256,61.94347381591797
2019-11-05,61.835228240717875,61.85447692871094
2019-11-06,61.7678582532789,61.88092041015625
2019-11-07,62.428620865759896,62.5951042175293
2019-11-08,62.41656042739546,62.76641845703125
2019-11-11,62.322474025388495,63.26346969604492
2019-11-12,63.1066180899349,63.205543518066406
2019-11-13,63.005292522793724,63.81116485595703
2019-11-14,63.637437860118794,63.36962127685547
2019-11-15,63.62056351535216,64.12242889404297
2019-11-18,64.132064464607,64.44573211669922
2019-11-19,64.63874619503746,64.25028991699219
2019-11-20,64.06933503771958,63.50232696533203
2019-11-21,63.62296849301683,63.217620849609375
2019-11-22,63.357537410851705,63.16210174560547
2019-11-25,63.38650127732471,64.26958465576172
2019-11-26,64.40709263975671,63.767704010009766
2019-11-27,64.07895113374244,64.6242446899414
2019-11-29,64.32509581165056,64.48192596435547
2019-12-02,64.48673780121864,63.73636245727539
2019-12-03,62.324871616307696,62.59993362426758
2019-12-04,62.99079372614317,63.15244674682617
2019-12-05,63.64708709192012,64.07897186279297
2019-12-06,64.53742176047683,65.3167495727539
2019-12-09,65.14542753704795,64.40229034423828
2019-12-10,64.80763123629215,64.77867889404297
2019-12-11,64.85830938290775,65.33121490478516
2019-12-12,64.60978960566402,65.49769592285156
2019-12-13,65.49768677488672,66.38800811767578
2019-12-16,66.83436642490469,67.52442169189453
2019-12-17,67.45448408416172,67.65715789794922
2019-12-18,67.50995957045932,67.4954833984375
2019-12-19,67.43759430484558,67.56305694580078
2019-12-20,68.09629020364594,67.4231185913086
2019-12-23,67.68609864318917,68.5233383178711
2019-12-24,68.68981101442074,68.58847045898438
2019-12-26,68.72118407462989,69.94929504394531
2019-12-27,70.24125055231326,69.92276000976562
2019-12-30,69.84072600060978,70.33776092529297
2019-12-31,69.95414009700069,70.85169982910156
2020-01-02,71.47660718407792,72.46826934814453
2020-01-03,71.69617497011174,71.76373291015625
2020-01-06,70.88547194642054,72.33555603027344
2020-01-07,72.34521202863968,71.995361328125
2020-01-08,71.69858889981313,73.15350341796875
2020-01-09,74.13068273740295,74.70734405517578
2020-01-10,74.94138611501243,74.87623596191406
2020-01-13,75.19229072850685,76.47589111328125
2020-01-14,76.4131928848304,75.44324493408203
2020-01-15,75.24298130114484,75.11992645263672
2020-01-16,75.66278838334783,76.06089782714844
2020-01-17,76.30943200280402,76.90298461914062
2020-01-21,76.53140508279039,76.3818130493164
2020-01-22,76.86677674803076,76.65445709228516
2020-01-23,76.70754520066748,77.02362060546875
2020-01-24,77.26972598534742,76.80164337158203
2020-01-27,74.81109052667422,74.54327392578125
2020-01-28,75.42392003858633,76.65203094482422
2020-01-29,78.28309821074268,78.25655364990234
2020-01-30,77.33970079826872,78.14315795898438
2020-01-31,77.43377343365503,74.6783676147461
2020-02-03,73.42132267544993,74.47330474853516
2020-02-04,76.07777685481715,76.9319076538086
2020-02-05,78.0587002140709,77.55925750732422
2020-02-06,77.82949504667184,78.46646881103516
2020-02-07,77.96585056017996,77.39991760253906
2020-02-10,75.98506881434587,77.76751708984375
2020-02-11,78.26331921379253,77.29832458496094
2020-02-12,77.74815764169257,79.13397216796875
2020-02-13,78.40599225770488,78.57044982910156
2020-02-14,78.53901137196604,78.58980560302734
2020-02-18,76.2704349958008,77.1507797241211
2020-02-19,77.39263964512776,78.26814270019531
2020-02-20,78.02871401030635,77.46519470214844
2020-02-21,77.05888657687778,75.7117691040039
2020-02-24,71.8929178048686,72.11541748046875
2020-02-25,72.78537131530702,69.6727294921875
2020-02-26,69.2978515957081,70.77798461914062
2020-02-27,67.98459409848462,66.15135192871094
2020-02-28,62.2188373725417,66.1126480102539
2020-03-02,68.26996427778492,72.26777648925781
2020-03-03,73.44319556548463,69.97261810302734
2020-03-04,71.6946122287109,73.21827697753906
2020-03-05,71.47210154193513,70.84329223632812
2020-03-06,68.20226931131931,69.9024887084961
2020-03-09,63.788471263695044,64.3737564086914
2020-03-10,67.02687337652254,69.01005554199219
2020-03-11,67.08733944027128,66.6133041381836
2020-03-12,61.8996041788163,60.0349235534668
2020-03-13,64.06419375596272,67.22761535644531
2020-03-16,58.51609560503949,58.5789794921875
2020-03-17,59.86079893237385,61.15470886230469
2020-03-18,57.98886476183712,59.65764236450195
2020-03-19,59.83177642616681,59.20054244995117
2020-03-20,59.78097160708233,55.4421501159668
2020-03-23,55.161596601848416,54.26432418823242
2020-03-24,57.16413220820389,59.70841598510742
2020-03-25,60.644394003218935,59.37950897216797
2020-03-26,59.621358785658394,62.504234313964844
2020-03-27,61.12809725879501,59.916419982910156
2020-03-30,60.64198021312565,61.62631607055664
2020-03-31,61.81737089780695,61.50054168701172
2020-04-01,59.61651626922201,58.264564514160156
2020-04-02,58.12670897901646,59.23680877685547
2020-04-03,58.721672212892855,58.385498046875
2020-04-06,60.68066393279939,63.4788932800293
2020-04-07,65.49351193571505,62.743656158447266
2020-04-08,63.54418476916798,64.34955596923828
2020-04-09,64.98564696158498,64.81392669677734
2020-04-13,64.89131758100808,66.08606719970703
2020-04-14,67.71855339125206,69.4236068725586
2020-04-15,68.2990035025,68.78996276855469
2020-04-16,69.50342631571836,69.3365478515625
2020-04-17,68.85286351845254,68.39575958251953
2020-04-20,67.22277564592211,66.97608184814453
2020-04-21,66.81888874755303,64.90583801269531
2020-04-22,66.17312073347611,66.77533721923828
2020-04-23,66.71971058203668,66.51655578613281
2020-04-24,67.04139072828913,68.43687438964844
2020-04-27,68.1538860746012,68.4852294921875
2020-04-28,68.9471521499239,67.37511444091797
2020-04-29,68.86252533126566,69.58808135986328
2020-04-30,70.12741093803704,71.05612182617188
2020-05-01,69.23012322658217,69.91214752197266
2020-05-04,69.93634950460861,70.90133666992188
2020-05-05,71.36085458478117,71.96548461914062
2020-05-06,72.6668439519477,72.70796203613281
2020-05-07,73.33433792792368,73.46009826660156
2020-05-08,74.11973516927421,75.20858764648438
2020-05-11,74.71630682370795,76.39202880859375
2020-05-12,77.07590132316346,75.51901245117188
2020-05-13,75.6984577813938,74.607177734375
2020-05-14,73.84571291244961,75.06552124023438
2020-05-15,72.83688885866347,74.62173461914062
2020-05-18,75.9458316362108,76.37991333007812
2020-05-19,76.39689435415646,75.93856048583984
2020-05-20,76.7970088377273,77.4154052734375
2020-05-21,77.27718574052247,76.83824920654297
2020-05-22,76.57632739090906,77.33295440673828
2020-05-26,78.45092620311642,76.80915832519531
2020-05-27,76.6660601761675,77.14379119873047
2020-05-28,76.81884468298037,77.1777572631836
2020-05-29,77.42026804049199,77.10258483886719
2020-06-01,77.05650232055906,78.05078125
2020-06-02,77.78401795906733,78.412109375
2020-06-03,78.73222188437157,78.8437728881836
2020-06-04,78.66673971249166,78.16474914550781
2020-06-05,78.41455514859591,80.39098358154297
2020-06-08,80.0878276354404,80.86627197265625
2020-06-09,80.54616293467816,83.41986083984375
2020-06-10,84.36808676274399,85.56607055664062
2020-06-11,84.71002389741363,81.4580078125
2020-06-12,83.59689759140369,82.1612548828125
2020-06-15,80.81535534530535,83.1773681640625
2020-06-16,85.2313990507297,85.38175201416016
2020-06-17,86.12625510451949,85.26293182373047
2020-06-18,85.21927871070163,85.29688262939453
2020-06-19,86.00256905688693,84.80943298339844
2020-06-22,85.2022986582704,87.02837371826172
2020-06-23,88.27242947914962,88.88597106933594
2020-06-24,88.51493143673328,87.31694793701172
2020-06-25,87.47219162958686,88.47616577148438
2020-06-26,88.37186655732566,85.75764465332031
2020-06-29,85.66550295799838,87.73408508300781
2020-06-30,87.32181394171208,88.46644592285156
2020-07-01,88.54405984735594,88.29912567138672
2020-07-02,89.20610591273177,88.29912567138672
2020-07-06,89.72749562317448,90.66114807128906
2020-07-07,91.03943260618246,90.37981414794922
2020-07-08,91.35712467862727,92.48477935791016
2020-07-09,93.37718505702489,92.88247680664062
2020-07-10,92.47748770321701,93.04495239257812
2020-07-13,94.3496671725953,92.6157455444336
2020-07-14,91.99734332779671,94.14838409423828
2020-07-15,96.02295123465481,94.79586791992188
2020-07-16,93.66821938221526,93.6294174194336
2020-07-17,94.08047543961847,93.44025421142578
2020-07-20,93.52755414344499,95.4094009399414
2020-07-21,96.19995833897589,94.09257507324219
2020-07-22,93.79430867429807,94.35692596435547
2020-07-23,94.09018221266099,90.06214904785156
2020-07-24,88.26031386604993,89.83902740478516
2020-07-27,90.90121836821325,91.96824645996094
2020-07-28,91.5389826437197,90.45740509033203
2020-07-29,90.94001731785845,92.19135284423828
2020-07-30,91.3644036366013,93.306884765625
2020-07-31,99.80120988768464,103.0750503540039
2020-08-03,104.95690446853536,105.67230224609375
2020-08-04,105.86143507889906,106.37797546386719
2020-08-05,106.09912187925951,106.76358795166016
2020-08-06,107.09578349765631,110.48844909667969
2020-08-07,110.00986453782278,107.97642517089844
2020-08-10,109.4219488794754,109.54585266113281
2020-08-11,108.80974634738266,106.2879867553711
2020-08-12,107.37878264931382,109.82037353515625
2020-08-13,111.20031474091456,111.76394653320312
2020-08-14,111.58900987277718,111.66432189941406
2020-08-17,112.78673069729702,111.37279510498047
2020-08-18,111.12500199172021,112.30084991455078
2020-08-19,112.70898176363043,112.44174194335938
2020-08-20,112.48304748879555,114.93678283691406
2020-08-21,115.89641335304087,120.8597640991211
2020-08-24,125.06507575899494,122.30523681640625
2020-08-25,121.17801402833966,121.30191040039062
2020-08-26,122.6186527038837,122.95148468017578
2020-08-27,123.55400095827326,121.481689453125
2020-08-28,122.45588862300937,121.28490447998047
2020-08-31,123.97917986697699,125.39796447753906
2020-09-01,129.01296330050218,130.39288330078125
2020-09-02,133.7066003647578,127.6913070678711
2020-09-03,123.32807630409383,117.46826171875
2020-09-04,116.6811253406317,117.54600524902344
2020-09-08,110.73383843385653,109.63573455810547
2020-09-09,113.95042385620658,114.00872802734375
2020-09-10,116.96295339003524,110.28684997558594
2020-09-11,111.33634579157453,108.83888244628906
2020-09-14,111.48212897781393,112.10406494140625
2020-09-15,114.99022398928534,112.27896881103516
2020-09-16,111.97771281555889,108.96520233154297
2020-09-17,106.62324985916108,107.22574615478516
2020-09-18,107.28403508185545,103.82450866699219
2020-09-21,101.58942285494095,106.97306060791016
2020-09-22,109.49969872360111,108.65425109863281
2020-09-23,108.46962532813541,104.09663391113281
2020-09-24,102.20166152378793,105.16558074951172
2020-09-25,105.3696421159189,109.11097717285156
2020-09-28,111.7639543120515,111.71536254882812
2020-09-29,111.31691166111466,110.86988830566406
2020-09-30,110.57835999800264,112.54134368896484
2020-10-01,114.31969839365316,113.49369049072266
2020-10-02,109.70377282438155,109.8301010131836
2020-10-05,110.69500263798342,113.21189880371094
2020-10-06,112.43444447771981,109.96614074707031
2020-10-07,111.3849466001731,111.83196258544922
2020-10-08,112.96893128687452,111.72505950927734
2020-10-09,112.02631376339767,113.66861724853516
2020-10-12,116.67138292375654,120.8888931274414
2020-10-13,121.73434029707663,117.68203735351562
2020-10-14,117.58484574005439,117.76948547363281
2020-10-15,115.36920805471462,117.30303955078125
2020-10-16,117.85695115708421,115.66073608398438
2020-10-19,116.5742058976846,112.70654296875
2020-10-20,112.92034331318091,114.19337463378906
2020-10-21,113.3770591908259,113.57141876220703
2020-10-22,114.13505561823894,112.48303985595703
2020-10-23,113.10497897085499,111.79308319091797
2020-10-26,110.79217805081882,111.80282592773438
2020-10-27,112.23036471931515,113.30903625488281
2020-10-28,111.80282082631223,108.06147766113281
2020-10-29,109.19844988747217,112.065185546875
2020-10-30,107.92541751822762,105.78751373291016
2020-11-02,106.03044267436084,105.70003509521484
2020-11-03,106.56493023946784,107.32291412353516
2020-11-04,110.91849140042434,111.70562744140625
2020-11-05,114.62095155797914,115.67047119140625
2020-11-06,115.1788748490344,115.53905487060547
2020-11-09,117.3010105733885,113.23197937011719
2020-11-10,112.48241007857042,112.8912582397461
2020-11-11,114.07887428608585,116.31781005859375
2020-11-12,116.44436895423854,116.04524993896484
2020-11-13,116.2691242675867,116.09390258789062
2020-11-16,115.7629391328116,117.10630798339844
2020-11-17,116.37623782202498,116.2204818725586
2020-11-18,115.46118772161485,114.8965835571289
2020-11-19,114.46824389424141,115.49037170410156
2020-11-20,115.49037493540368,114.22488403320312
2020-11-23,114.06914317462709,110.82754516601562
2020-11-24,110.88595846342133,112.11250305175781
2020-11-25,112.48240834270746,112.94966125488281
2020-11-27,113.47533097531714,113.49479675292969
2020-11-30,113.86472833539251,115.88951110839844
2020-12-01,117.79747164276061,119.46207427978516
2020-12-02,118.78065073270163,119.81251525878906
2020-12-03,120.24082042379452,119.67622375488281
2020-12-04,119.34526925110535,119.00456237792969
2020-12-07,119.06295553689276,120.46472930908203
2020-12-08,121.06826612455384,121.07799530029297
2020-12-09,121.2240215863675,118.54702758789062
2020-12-10,117.30099698433379,119.96825408935547
2020-12-11,119.17978224822454,119.16031646728516
2020-12-14,119.34525822854418,118.54702758789062
2020-12-15,121.03906972258223,124.48509216308594
2020-12-16,124.02754858374912,124.41692352294922
2020-12-17,125.47798978748065,125.2833023071289
2020-12-18,125.53641332100761,123.29747009277344
2020-12-21,121.70100182150271,124.8257827758789
2020-12-22,128.11605471749206,128.37889099121094
2020-12-23,128.651469654108,127.48332977294922
2020-12-24,127.83376887622417,128.4665069580078
2020-12-28,130.43289960768968,133.06121826171875
2020-12-29,134.38509099699746,131.2895050048828
2020-12-30,131.98065036313264,130.17002868652344
2020-12-31,130.52047160916396,129.16737365722656
2021-01-04,129.97535392263828,125.9744644165039
2021-01-05,125.46826076163048,127.53197479248047
2021-01-06,124.32930560505866,123.2390365600586
2021-01-07,124.95231611775166,127.44435119628906
2021-01-08,128.91425901030706,128.5443572998047
2021-01-11,125.76030921099948,125.55587768554688
2021-01-12,125.08863756905697,125.38067626953125
2021-01-13,125.34168812995227,127.41514587402344
2021-01-14,127.32757929841898,125.48775482177734
2021-01-15,125.36120909147559,123.7647476196289
2021-01-19,124.38771815813641,124.43639373779297
2021-01-20,125.24438780808299,128.52491760253906
2021-01-21,130.2479286583061,133.23641967773438
2021-01-22,132.66206599733243,135.3780059814453
2021-01-25,139.27182020640586,139.12579345703125
2021-01-26,139.78775742744395,139.35943603515625
2021-01-27,139.6222601892596,138.28863525390625
2021-01-28,135.81607367562873,133.45057678222656
2021-01-29,132.22402749273948,128.45677185058594
2021-02-01,130.1992117164386,130.578857421875
2021-02-02,132.12667146199954,131.4063262939453
2021-02-03,132.15586101329262,130.38418579101562
2021-02-04,132.68154013575978,133.7425994873047
2021-02-05,133.90349935519643,133.3282928466797
2021-02-08,132.61656460059567,133.4744873046875
2021-02-09,133.19180084894626,132.59710693359375
2021-02-10,133.0552748381974,131.9926300048828
2021-02-11,132.4898798543245,131.7392120361328
2021-02-12,130.97879561848046,131.9731903076172
2021-02-16,132.09015902011436,129.84786987304688
2021-02-17,127.95653915633494,127.55682373046875
2021-02-18,125.95797287967874,126.45518493652344
2021-02-19,126.97189361497381,126.61116790771484
2021-02-22,124.797821900289,122.83826446533203
2021-02-23,120.65448673963841,122.70178985595703
2021-02-24,121.80487424070276,122.20458221435547
2021-02-25,121.55140392768223,117.95399475097656
2021-02-26,119.51385248275434,118.21723175048828
2021-03-01,120.64472644599832,124.5833511352539
2021-03-02,125.18779108060667,121.9803466796875
2021-03-03,121.67814086921052,118.99714660644531
2021-03-04,118.69491428410296,117.11556243896484
2021-03-05,117.9442454649468,118.37319946289062
2021-03-08,117.8955104919653,113.440185546875
2021-03-09,116.04316964725494,118.05147552490234
2021-03-10,118.63642743151894,116.9693374633789
2021-03-11,119.46509072342045,118.89964294433594
2021-03-12,117.3788074668468,117.99299621582031
2021-03-15,118.36344619441722,120.87870025634766
2021-03-16,122.54580261068884,122.4190673828125
2021-03-17,120.93722665347914,121.62940979003906
2021-03-18,119.79655333524822,117.50552368164062
2021-03-19,116.89134977056929,116.97908782958984
2021-03-22,117.31055690317099,120.29376983642578
2021-03-23,120.23528824072892,119.4651107788086
2021-03-24,119.73804436274435,117.07654571533203
2021-03-25,116.54037047817636,117.56401824951172
2021-03-26,117.33005170542276,118.16847229003906
2021-03-29,118.59743388740822,118.34395599365234
2021-03-30,117.09605643991243,116.89132690429688
2021-03-31,118.5974235736093,119.08487701416016
2021-04-01,120.5570011392304,119.91355895996094
2021-04-05,120.7617238181442,122.74078369140625
2021-04-06,123.32572316184695,123.04299926757812
2021-04-07,122.67254049145967,124.69059753417969
2021-04-08,125.71425994840894,127.08888244628906
2021-04-09,126.54288414202428,129.66258239746094
2021-04-12,129.19466459616936,127.94678497314453
2021-04-13,129.11666186406666,131.0567169189453
2021-04-14,131.55394754511985,128.7169647216797
2021-04-15,130.46205515581354,131.12498474121094
2021-04-16,130.93001971708307,130.7935333251953
2021-04-19,130.15982336917756,131.45645141601562
2021-04-20,131.63191186465178,129.76983642578125
2021-04-21,129.03870718463844,130.1501007080078
2021-04-22,129.70163080104982,128.62924194335938
2021-04-23,128.84369107132306,130.94949340820312
2021-04-26,131.44667209468918,131.3394317626953
2021-04-27,131.6221528692033,131.01771545410156
2021-04-28,130.93975103357886,130.2280731201172
2021-04-29,133.0455464580238,130.1305694580078
2021-04-30,128.47321732434253,128.1612548828125
2021-05-03,128.72671884393358,129.21417236328125
2021-05-04,127.89804644623831,124.64185333251953
2021-05-05,125.95797834787251,124.88558959960938
2021-05-06,124.68085970531065,126.48444366455078
2021-05-07,127.78327149877356,127.15827178955078
2021-05-10,126.37702048839593,123.87701416015625
2021-05-11,120.60551014234991,122.95903015136719
2021-05-12,120.50786329646682,119.89262390136719
2021-05-13,121.6602329056181,122.04109191894531
2021-05-14,123.29108659521634,124.46295928955078
2021-05-17,123.84770522027007,123.31059265136719
2021-05-18,123.59380326356951,121.92388153076172
2021-05-19,120.27350654335572,121.76764678955078
2021-05-20,122.29496502221474,124.32621002197266
2021-05-21,124.8242725716539,122.49028778076172
2021-05-24,123.05669713625909,124.12114715576172
2021-05-25,124.82428611341189,123.92584991455078
2021-05-26,123.98443668542278,123.87701416015625
2021-05-27,123.47661228754039,122.34379577636719
2021-05-28,122.62700604353964,121.68950653076172
2021-06-01,122.14847888043448,121.36722564697266
2021-06-02,121.36722658627286,122.12894439697266
2021-06-03,121.7578580944845,120.64457702636719
2021-06-04,121.16216981717328,122.93951416015625
2021-06-07,123.21293321808503,122.94926452636719
2021-06-08,123.6328740614777,123.76959228515625
2021-06-09,124.22856322000109,124.15043640136719
2021-06-10,124.04301097808155,123.15434265136719
2021-06-11,123.56451405558266,124.36529541015625
2021-06-14,124.82428233012304,127.42193603515625
2021-06-15,126.89460305506064,126.60163116455078
2021-06-16,127.31450018091431,127.09965515136719
2021-06-17,126.7578369661276,128.70118713378906
2021-06-18,127.64656080258288,127.40242004394531
2021-06-21,127.24615390753081,129.19927978515625
2021-06-22,129.03327220047046,130.83990478515625
2021-06-23,130.63480331267544,130.56643676757812
2021-06-24,131.29889842930257,130.2832794189453
2021-06-25,130.33206780671978,129.99026489257812
2021-06-28,130.28326829600795,131.62115478515625
2021-06-29,131.6406714747908,133.1348114013672
2021-06-30,132.97853765971635,133.75003051757812
2021-07-01,133.39848486144226,134.0527801513672
2021-07-02,134.6680465347351,136.67977905273438
2021-07-06,136.78718765891608,138.6914825439453
2021-07-07,140.17584334226723,141.1817169189453
2021-07-08,138.2617906456667,139.8828887939453
2021-07-09,139.4043563311566,141.70904541015625
2021-07-12,142.78324056023274,141.11331176757812
2021-07-13,140.6543415426895,142.2266082763672
2021-07-14,144.62896358307862,145.6543426513672
2021-07-15,145.74222773188504,145.00003051757812
2021-07-16,144.98050686009336,142.95901489257812
2021-07-19,140.38090857655365,139.1113739013672
2021-07-20,140.09769861315104,142.72463989257812
2021-07-21,142.11920648842988,141.99224853515625
2021-07-22,142.5195913490058,143.35943603515625
2021-07-23,144.09187799846512,145.0782012939453
2021-07-26,144.79499663408214,145.4981231689453
2021-07-27,145.62506850801552,143.3301544189453
2021-07-28,141.41609361273288,141.5821075439453
2021-07-29,141.29887657911624,142.2266082763672
2021-07-30,140.99612813629884,142.44143676757812
2021-08-02,142.92974528711127,142.10943603515625
2021-08-03,142.39266574077612,143.90634155273438
2021-08-04,143.81841241009994,143.5059051513672
2021-08-05,143.53523071300444,143.6133575439453
2021-08-06,143.1341182329051,142.92872619628906
2021-08-09,142.9874052395685,142.87982177734375
2021-08-10,143.22212723273427,142.4005889892578
2021-08-11,142.84070404163072,142.65487670898438
2021-08-12,142.97763397957073,145.61830139160156
2021-08-13,145.69653653501413,145.8236846923828
2021-08-16,145.27596199320675,147.7992706298828
2021-08-17,146.92886973012176,146.88975524902344
2021-08-18,146.50831793002382,143.14390563964844
2021-08-19,141.8431233828503,143.47642517089844
2021-08-20,144.2001657522503,144.93368530273438
2021-08-23,145.0510124149276,146.42025756835938
2021-08-24,146.16599748585364,146.33226013183594
2021-08-25,146.51809526108525,145.09996032714844
2021-08-26,145.09017201862116,144.29795837402344
2021-08-27,144.23924145403117,145.3346405029297
2021-08-30,145.72590781427007,149.75537109375
2021-08-31,149.3054461965621,148.49368286132812
2021-09-01,149.4716820786056,149.15870666503906
2021-09-02,150.48884854406634,150.273681640625
2021-09-03,150.38126619393228,150.90940856933594
2021-09-07,151.56469648456283,153.2469024658203
2021-09-08,153.53050279274424,151.70159912109375
2021-09-09,152.07328934160887,150.6844940185547
2021-09-10,151.59402874023678,145.696533203125
2021-09-13,147.32006383534568,146.2637939453125
2021-09-14,147.04625901044298,144.86524963378906
2021-09-15,145.29554507646444,145.75521850585938
2021-09-16,145.17816193712628,145.5204620361328
2021-09-17,145.54984051172312,142.85047912597656
2021-09-20,140.64012937196273,139.7990264892578
2021-09-21,140.76728757977574,140.2782745361328
2021-09-22,141.27588071728283,142.64512634277344
2021-09-23,143.42749371857937,143.60354614257812
2021-09-24,142.45925161579112,143.69155883789062
2021-09-27,142.27343722725323,142.17562866210938
2021-09-28,140.10223840010562,138.79168701171875
2021-09-29,139.33940773884575,139.69149780273438
2021-09-30,140.5031949007561,138.39065551757812
2021-10-01,138.7819070111095,139.5154266357422
2021-10-04,138.6449736382081,136.08255004882812
2021-10-05,136.42486459550415,138.00926208496094
2021-10-06,136.40527999667046,138.8796844482422
2021-10-07,139.91638512224736,140.14132690429688
2021-10-08,140.86507705840515,139.75990295410156
2021-10-11,139.14376278668908,139.67189025878906
2021-10-12,140.0826575469626,138.40045166015625
2021-10-13,138.13641006788947,137.81365966796875
2021-10-14,138.98727624385413,140.60101318359375
2021-10-15,140.61085293662728,141.65733337402344
2021-10-18,140.29781043764254,143.32969665527344
2021-10-19,143.77961939322623,145.4911651611328
2021-10-20,145.43247137126255,145.98016357421875
2021-10-21,145.54003691475097,146.1953125
2021-10-22,146.40074040762428,145.42271423339844
2021-10-25,145.4128937692613,145.373779296875
2021-10-26,146.04860850464487,146.03883361816406
2021-10-27,146.07798106118008,145.57919311523438
2021-10-28,146.5278661763529,149.21743774414062
2021-10-29,143.9850068548087,146.50831604003906
2021-11-01,145.71612242772915,145.68678283691406
2021-11-02,145.39337924738012,146.72349548339844
2021-11-03,147.0853287663622,148.16116333007812
2021-11-04,148.249208975671,147.64283752441406
2021-11-05,148.76918963737086,148.17172241210938
2021-11-08,148.29905483485294,147.34898376464844
2021-11-09,147.1138975747547,147.71136474609375
2021-11-10,146.93764173788648,144.8807830810547
2021-11-11,145.89937206123298,144.83175659179688
2021-11-12,145.38024345128613,146.908203125
2021-11-15,147.28040751304476,146.9180145263672
2021-11-16,146.8592275903554,147.89744567871094
2021-11-17,147.89748945260723,150.33633422851562
2021-11-18,150.5517823821893,154.6262969970703
2021-11-19,154.41081232255357,157.25123596191406
2021-11-22,158.3580215257173,157.7115936279297
2021-11-23,157.8095322884944,158.0935821533203
2021-11-24,157.44714936539495,158.61270141601562
2021-11-26,156.2913900038225,153.5880889892578
2021-11-29,156.09551231703932,156.94764709472656
2021-11-30,156.7027606504653,161.90365600585938
2021-12-01,164.03887803890356,161.3845672607422
2021-12-02,155.47843376037946,160.39527893066406
2021-12-03,160.64997170977935,158.51475524902344
2021-12-06,160.91441267175034,161.9232635498047
2021-12-07,165.60596828506618,167.66281127929688
2021-12-08,168.59332710400926,171.4827117919922
2021-12-09,171.31620335113058,170.973388671875
2021-12-10,171.61008079596547,175.76295471191406
2021-12-13,177.3986153833375,172.12916564941406
2021-12-14,171.64920321778123,170.74810791015625
2021-12-15,171.5121000863054,175.6160125732422
2021-12-16,175.59636169570385,168.72059631347656
2021-12-17,166.43852716670187,167.62367248535156
2021-12-20,164.82242453025603,166.26222229003906
2021-12-21,168.03502751462352,169.43565368652344
2021-12-22,169.48460422982922,172.03118896484375
2021-12-23,172.23690795484498,172.65806579589844
2021-12-27,173.4513977796986,176.6248321533203
2021-12-28,176.45835116267244,175.60621643066406
2021-12-29,175.6453907930184,175.69436645507812
2021-12-30,175.7824840883525,174.53857421875
2021-12-31,174.43084429030958,173.92153930664062
2022-01-03,174.17621628400974,178.27032470703125
2022-01-04,178.87758836256972,176.00778198242188
2022-01-05,175.9196433238863,171.3260040283203
2022-01-06,169.15160256379613,168.4659881591797
2022-01-07,169.33771503993543,168.63250732421875
2022-01-10,165.6059836604726,168.65208435058594
2022-01-11,168.77942565072325,171.4827117919922
2022-01-12,172.5013205493631,171.92344665527344
2022-01-13,172.16831849084767,168.65208435058594
2022-01-14,167.81954242119846,169.51400756835938
2022-01-18,167.98604466295757,166.31118774414062
2022-01-19,166.5070728064469,162.8145294189453
2022-01-20,163.54916502241554,161.12991333007812
2022-01-21,161.0417244969125,159.07302856445312
2022-01-24,156.73213888196668,158.29925537109375
2022-01-25,155.71347420233516,156.49703979492188
2022-01-26,160.14065107987773,156.408935546875
2022-01-27,159.11219273840805,155.9485626220703
2022-01-28,162.30519234067697,166.83026123046875
2022-01-31,166.66377341050108,171.1888427734375
2022-02-01,170.43467612383174,171.02235412597656
2022-02-02,171.15948068570833,172.22708129882812
2022-02-03,170.89501118442868,169.34747314453125
2022-02-04,168.3668057872498,169.0631103515625
2022-02-07,169.52403712153145,168.34719848632812
2022-02-08,168.4158439042664,171.45602416992188
2022-02-09,172.65247937368048,172.87803649902344
2022-02-10,170.7792993410732,168.79827880859375
2022-02-11,169.0042733328554,165.38548278808594
2022-02-14,164.13996586391173,165.62083435058594
2022-02-15,167.67048439097334,169.45535278320312
2022-02-16,168.53351334854412,169.22000122070312
2022-02-17,167.72933608370406,165.62083435058594
2022-02-18,166.5426908818598,164.07131958007812
2022-02-22,161.7960703511054,161.14881896972656
2022-02-23,162.34528786351217,156.98086547851562
2022-02-24,149.63540593186767,159.59933471679688
2022-02-25,160.6781069290293,161.6686248779297
2022-02-28,159.91313801466617,161.93338012695312
2022-03-01,161.52148207442062,160.05043029785156
2022-03-02,161.21746135614293,163.3455810546875
2022-03-03,165.21873348759095,163.02195739746094
2022-03-04,161.31559025270195,160.02105712890625
2022-03-07,160.2073682314536,156.22572326660156
2022-03-08,155.754968485403,154.40159606933594
2022-03-09,158.36365040568722,159.80528259277344
2022-03-10,157.10834060556428,155.4607696533203
2022-03-11,155.86282296707049,151.74388122558594
2022-03-14,148.527210200246,147.71322631835938
2022-03-15,147.98779883833126,152.09693908691406
2022-03-16,154.01912684826212,156.51010131835938
2022-03-17,155.54904405714797,157.52024841308594
2022-03-18,157.41234943730183,160.8153839111328
2022-03-21,160.35447849802293,162.1884002685547
2022-03-22,162.3158776286816,165.56201171875
2022-03-23,164.7479978071537,166.92515563964844
2022-03-24,167.75877268098228,170.710693359375
2022-03-25,170.52435897204094,171.34814453125
2022-03-28,168.84736786546566,172.211181640625
2022-03-29,173.28012092274494,175.50631713867188
2022-03-30,175.10424033882794,174.33929443359375
2022-03-31,174.40794163317304,171.2402801513672
2022-04-01,170.6714345147771,170.94602966308594
2022-04-04,171.20104367313095,174.99635314941406
2022-04-05,174.0744778575844,171.6815643310547
2022-04-06,169.0336712319797,168.51390075683594
2022-04-07,167.8568338106809,168.8179168701172
2022-04-08,168.46485203266047,166.80746459960938
2022-04-11,165.4541214198734,162.55123901367188
2022-04-12,164.77744578641645,164.4243927001953
2022-04-13,164.1595904381064,167.1114959716797
2022-04-14,167.32726844290085,162.10012817382812
2022-04-18,160.75655343597518,161.88436889648438
2022-04-19,161.83529886968466,164.1693572998047
2022-04-20,165.50314204406817,164.00267028808594
2022-04-21,165.650233704649,163.20828247070312
2022-04-22,163.2475363117759,158.6676483154297
2022-04-25,158.01060452122857,159.7366485595703
2022-04-26,159.1188223922725,153.7740020751953
2022-04-27,152.90118005015773,153.54844665527344
2022-04-28,156.17668589618484,160.48196411132812
2022-04-29,158.71671584912355,154.60757446289062
2022-05-02,153.68569876055605,154.9115753173828
2022-05-03,155.09790243206862,156.40223693847656
2022-05-04,156.58856589280018,162.81602478027344
2022-05-05,160.68788797008557,153.74452209472656
2022-05-06,153.22400390708842,154.47132873535156
2022-05-09,152.16327128379606,149.3445281982422
2022-05-10,152.74276671948687,151.75079345703125
2022-05-11,150.75883036017825,143.8838348388672
2022-05-12,140.22044713133192,140.01419067382812
2022-05-13,142.0079231185743,144.48292541503906
2022-05-16,142.95077949813634,142.94094848632812
2022-05-17,146.20165612892745,146.5748748779297
2022-05-18,144.22761523431257,138.3052978515625
2022-05-19,137.38205052865445,134.89723205566406
2022-05-20,136.60616321771064,135.13294982910156
2022-05-23,135.3293635083762,140.5543670654297
2022-05-24,138.29544611720485,137.85348510742188
2022-05-25,135.95794665102005,138.01063537597656
2022-05-26,134.93654353419183,141.21243286132812
2022-05-27,142.79363900414174,146.96774291992188
2022-05-31,146.40794084331958,146.18203735351562
2022-06-01,147.22307288441843,146.05433654785156
2022-06-02,145.19010444930467,148.50975036621094
2022-06-03,144.27667399411106,142.78382873535156
2022-06-06,144.40436412307008,143.53025817871094
2022-06-07,141.77219702970612,146.05433654785156
2022-06-08,145.92668764129223,145.31776428222656
2022-06-09,144.45348753415902,140.0927734375
2022-06-10,137.77489399581836,134.68115234375
2022-06-13,130.49724415866797,129.52493286132812
2022-06-14,130.75259347181498,130.38919067382812
2022-06-15,131.89187879778933,133.0115203857422
2022-06-16,129.72136617299006,127.73743438720703
2022-06-17,127.747234873443,129.2106170654297
2022-06-21,131.03741900238268,133.44366455078125
2022-06-22,132.38297105119662,132.9329833984375
2022-06-23,134.37672361512418,135.8008270263672
2022-06-24,137.40168446081998,139.13026428222656
2022-06-27,140.1516855515393,139.13026428222656
2022-06-28,139.59187553155968,134.98562622070312
2022-06-29,135.00527146488074,136.74365234375
2022-06-30,134.79903766505709,134.27850341796875
2022-07-01,133.61062978312276,136.4490203857422
2022-07-05,135.30976092001367,139.03207397460938
2022-07-06,138.82581180795694,140.36776733398438
2022-07-07,140.7311436298687,143.73651123046875
2022-07-08,142.66595755400886,144.41416931152344
2022-07-11,143.06866052706354,142.28294372558594
2022-07-12,143.15702881773996,143.2552490234375
2022-07-13,140.43655067698472,142.89190673828125
2022-07-14,141.50703095418416,145.81863403320312
2022-07-15,147.1052616395071,147.48829650878906
2022-07-18,148.0481247263253,144.44366455078125
2022-07-19,145.27846713272842,148.303466796875
2022-07-20,148.42134117440867,150.3070526123047
2022-07-21,151.74096357554814,152.57579040527344
2022-07-22,152.61507520531072,151.33828735351562
2022-07-25,151.2597268643066,150.21865844726562
2022-07-26,149.54097900815464,148.8927764892578
2022-07-27,149.85527117258624,153.99008178710938
2022-07-28,154.17668202554245,154.5400848388672
2022-07-29,158.3606155964203,159.60792541503906
2022-08-01,158.13473753103025,158.6258087158203
2022-08-02,157.24097682201486,157.15257263183594
2022-08-03,157.96772903161715,163.16326904296875
2022-08-04,163.0454244700845,162.8489990234375
2022-08-05,160.51811452535523,162.62281799316406
2022-08-08,163.62595540473944,162.15069580078125
2022-08-09,161.31474028979756,162.19989013671875
2022-08-10,164.91435623038078,166.44863891601562
2022-08-11,167.25509577756023,165.71099853515625
2022-08-12,167.01909604715942,169.26148986816406
2022-08-15,168.69099667612022,170.3334503173828
2022-08-16,169.93024033504878,170.17611694335938
2022-08-17,169.9204107737534,171.67105102539062
2022-08-18,170.88422188584445,171.27761840820312
2022-08-19,170.17609867368276,168.69100952148438
2022-08-22,166.89124263458586,164.80621337890625
2022-08-23,164.32426652803133,164.47178649902344
2022-08-24,164.5603177384026,164.766845703125
2022-08-25,165.9962181286182,167.22560119628906
2022-08-26,167.75670773498427,160.92132568359375
2022-08-29,158.49204445005722,158.71826171875
2022-08-30,159.45590875707995,156.2890167236328
2022-08-31,157.66590799399623,154.6268768310547
2022-09-01,154.05645479166745,155.3546905517578
2022-09-02,157.11517641377614,153.2401580810547
2022-09-06,153.88925181756636,151.9812469482422
2022-09-07,152.26646809885722,153.38766479492188
2022-09-08,152.0894537868935,151.9124298095703
2022-09-09,152.90574262919617,154.77439880371094
2022-09-12,156.95780504262976,160.73446655273438
2022-09-13,157.26269006575274,151.30264282226562
2022-09-14,152.2369398106262,152.7483673095703
2022-09-15,152.09925057054045,149.8568572998047
2022-09-16,148.71602969989698,148.2144317626953
2022-09-19,146.8473562182448,151.9320831298828
2022-09-20,150.86987662798256,154.31214904785156
2022-09-21,154.74492033364538,151.18463134765625
2022-09-22,149.86673172221157,150.22079467773438
2022-09-23,148.69634230303134,147.94886779785156
2022-09-26,147.19158660210013,148.2832794189453
2022-09-27,150.22077457787657,149.25692749023438
2022-09-28,145.20488028971093,147.36859130859375
2022-09-29,143.69029304650877,140.12998962402344
2022-09-30,138.9498262348882,135.92062377929688
2022-10-03,135.93043653465315,140.10049438476562
2022-10-04,142.63796359142103,143.69032287597656
2022-10-05,141.69377951288206,143.98533630371094
2022-10-06,143.40506352233135,143.0313262939453
2022-10-07,140.18900681575843,137.7794189453125
2022-10-10,138.1039581298828,138.1039581298828
2022-10-11,137.5925530590874,136.68772888183594
2022-10-12,136.83526713014228,136.05828857421875
2022-10-13,132.76355465182596,140.63160705566406
2022-10-14,141.92981170804703,136.09762573242188
2022-10-17,138.7432621845146,140.0611572265625
2022-10-18,143.09035010046446,141.37904357910156
2022-10-19,139.35302135031444,141.4872283935547
2022-10-20,140.6611013003117,141.02499389648438
2022-10-21,140.51356590449524,144.84100341796875
2022-10-24,144.76232705447245,146.98504638671875
2022-10-25,147.6144876838341,149.82737731933594
2022-10-26,148.47011872840665,146.8866729736328
2022-10-27,145.62779799425218,142.41172790527344
2022-10-28,145.75567739955667,153.17132568359375
2022-10-31,150.63384336153183,150.8108673095703
2022-11-01,152.52221012298716,148.16526794433594
2022-11-02,146.4932672707352,142.63792419433594
2022-11-03,139.7169294177421,136.58938598632812
2022-11-04,139.97824816387146,136.32339477539062
2022-11-07,135.07226465763827,136.85536193847656
2022-11-08,138.32325240295035,137.42677307128906
2022-11-09,136.44159482466026,132.86553955078125
2022-11-10,139.14090816003963,144.68722534179688
2022-11-11,143.6528333928847,147.47515869140625
2022-11-14,146.75601106211803,146.07626342773438
2022-11-15,149.9576976256643,147.81008911132812
2022-11-16,146.91360206864496,146.57864379882812
2022-11-17,144.25374542723313,148.47999572753906
2022-11-18,150.04637948055915,149.04153442382812
2022-11-21,147.928327968664,145.81027221679688
2022-11-22,145.92846238922232,147.94798278808594
2022-11-23,147.22884977452136,148.8247833251953
2022-11-25,146.10579226397604,145.9087677001953
2022-11-28,142.9829242489195,142.07659912109375
2022-11-29,142.14555568748492,139.07192993164062
2022-11-30,139.29850181511986,145.82997131347656
2022-12-01,146.00731491776455,146.10581970214844
2022-12-02,143.79073931676461,145.6132354736328
2022-12-05,145.57384712908555,144.45079040527344
2022-12-06,144.88423366279338,140.7860565185547
2022-12-07,140.07680546151408,138.8453826904297
2022-12-08,140.24425432184734,140.52993774414062
2022-12-09,140.2245130259643,140.0471954345703
2022-12-12,140.57921509183583,142.34262084960938
2022-12-13,147.27813419846305,143.3080291748047
2022-12-14,143.1898139764628,141.0816192626953
2022-12-15,139.01281523751095,134.47132873535156
2022-12-16,134.6585187405124,132.5109100341797
2022-12-19,133.10196229580487,130.40267944335938
2022-12-20,129.43727633927585,130.33375549316406
2022-12-21,131.00365840968308,133.43695068359375
2022-12-22,132.35328842388512,130.26478576660156
2022-12-23,128.97428208438834,129.9003143310547
2022-12-27,129.42741525184118,128.09747314453125
2022-12-28,127.7428420402377,124.16679382324219
2022-12-29,126.08779735057679,127.68372344970703
2022-12-30,126.50157113096991,127.99897003173828
2023-01-03,128.34378035287284,123.21121215820312
2023-01-04,125.00415469022626,124.4820327758789
2023-01-05,125.24058317585433,123.16194152832031
2023-01-06,124.13722458745222,127.69356536865234
2023-01-09,128.53096489801374,128.21571350097656
2023-01-10,128.32404761851848,128.7870635986328
2023-01-11,129.29935853420528,131.50607299804688
2023-01-12,131.89026209256642,131.42724609375
2023-01-13,130.06777940104425,132.7572021484375
2023-01-17,132.82617382563913,133.919677734375
2023-01-18,134.78658853017248,133.2005157470703
2023-01-19,132.08728136161048,133.2595977783203
2023-01-20,133.26947983700657,135.82098388671875
2023-01-23,136.06726442233395,139.01283264160156
2023-01-24,138.22470516633354,140.41171264648438
2023-01-25,138.7960933961296,139.75167846679688
2023-01-26,141.04221286895242,141.8204803466797
2023-01-27,141.03236318771044,143.7611846923828
2023-01-30,142.8056023172103,140.87472534179688
2023-01-31,140.57917270592753,142.14553833007812
2023-02-01,141.83029241325445,143.26858520507812
2023-02-02,146.68702845858084,148.57850646972656
2023-02-03,145.8299972142777,152.20384216308594
2023-02-06,150.30250288074524,149.4749755859375
2023-02-07,148.4011799958932,152.35157775878906
2023-02-08,151.59301668652708,149.66213989257812
2023-02-09,151.49451696275133,148.6277618408203
2023-02-10,147.46354505272012,148.99282836914062
2023-02-13,148.93360529625505,151.7948760986328
2023-02-14,150.08798919443248,151.153564453125
2023-02-15,151.0647500944972,153.25509643554688
2023-02-16,151.45944356730615,151.6567840576172
2023-02-17,150.31494264074843,150.51226806640625
2023-02-21,148.19362270368532,146.49659729003906
2023-02-22,146.88142431742384,146.9208984375
2023-02-23,148.08511286734324,147.40432739257812
2023-02-24,145.14491019093927,144.75025939941406
2023-02-27,145.736905394929,145.944091796875
2023-02-28,145.085741426228,145.44093322753906
2023-03-01,144.86868852583132,143.36898803710938
2023-03-02,142.4514066454644,143.96096801757812
2023-03-03,146.06246271527925,149.0125274658203
2023-03-06,151.7357028817241,151.77517700195312
2023-03-07,151.64689058754286,149.574951171875
2023-03-08,150.768776295138,150.82797241210938
2023-03-09,151.50875841619168,148.57843017578125
2023-03-10,148.20350666672326,146.51634216308594
2023-03-13,145.83558063473313,148.46005249023438
2023-03-14,149.25921331444258,150.5517120361328
2023-03-15,149.17037658273287,150.9463348388672
2023-03-16,150.127461556798,153.76817321777344
2023-03-17,153.99512561739482,152.92955017089844
2023-03-20,152.99860710640667,155.29747009277344
2023-03-21,155.21854884327422,157.15235900878906
2023-03-22,157.17210596561782,155.72174072265625
2023-03-23,156.7083516682842,156.8070068359375
2023-03-24,156.73795839634036,158.10939025878906
2023-03-27,157.8035399490982,156.16571044921875
2023-03-28,155.85986113132142,155.54412841796875
2023-03-29,157.24115895998125,158.62246704101562
2023-03-30,159.37229315696538,160.1912078857422
2023-03-31,160.27014967971024,162.69728088378906
2023-04-03,162.07571848273926,163.95033264160156
2023-04-04,164.37455488216787,163.41751098632812
2023-04-05,162.53942989245922,161.572509765625
2023-04-06,160.26025717712315,162.46047973632812
2023-04-10,159.26373316792822,159.86558532714844
2023-04-11,160.18133670413533,158.65203857421875
2023-04-12,159.0664602524204,157.96142578125
2023-04-13,159.47098360495934,163.34848022460938
2023-04-14,162.39141498863978,163.00314331054688
2023-04-17,162.8847436304976,163.0228729248047
2023-04-18,163.88128507276087,164.246337890625
2023-04-19,163.58526647837797,165.3908233642578
2023-04-20,163.87140244421354,164.42391967773438
2023-04-21,162.84527188495923,162.815673828125
2023-04-24,162.79597301982534,163.12156677246094
2023-04-25,162.98341218856248,161.58238220214844
2023-04-26,160.8818632857178,161.572509765625
2023-04-27,162.98339664348885,166.16038513183594
2023-04-28,166.23931504498196,167.4134063720703
2023-05-01,167.0187740939811,167.3246307373047
2023-05-02,167.81794875664258,166.2886505126953
2023-05-03,167.23584575291258,165.21322631835938
2023-05-04,162.68742177323023,163.5753936767578
2023-05-05,168.69605053726107,171.25146484375
2023-05-08,170.17600924259867,171.18238830566406
2023-05-09,170.73842563937583,169.47552490234375
2023-05-10,170.7088427451169,171.2416229248047
2023-05-11,171.52774738748727,171.4290771484375
2023-05-12,171.5377460938216,170.50035095214844
2023-05-15,171.0832561601379,170.00633239746094
2023-05-16,169.92729004665156,170.00633239746094
2023-05-17,169.65068438723694,170.61892700195312
2023-05-18,170.92519018134206,172.9506072998047
2023-05-19,174.27450921230027,173.05926513671875
2023-05-22,171.89343134950482,172.1107940673828
2023-05-23,171.0536346915268,169.50245666503906
2023-05-24,169.03807815911904,169.77908325195312
2023-05-25,170.3422679275043,170.91531372070312
2023-05-26,171.24135456411133,173.32603454589844
2023-05-30,174.8376957969301,175.17361450195312
2023-05-31,175.20324889662425,175.12420654296875
2023-06-01,175.5687945017499,177.9301300048828
2023-06-02,178.8588732872537,178.7798309326172
2023-06-05,180.43969339813148,177.42626953125
2023-06-06,177.81160982601426,177.06072998046875
2023-06-07,176.29993732672585,175.6873779296875
2023-06-08,175.76642717021195,178.4044189453125
2023-06-09,179.3232356709596,178.7897186279297
2023-06-12,179.0960333817073,181.58580017089844
2023-06-13,180.60766365821948,181.11154174804688
2023-06-14,181.17080494588566,181.7438507080078
2023-06-15,181.7537423543279,183.77914428710938
2023-06-16,184.4904993080967,182.70220947265625
2023-06-20,182.19834264439277,182.7911376953125
2023-06-21,182.6824521359612,181.7537384033203
2023-06-22,181.53639657516283,184.75729370117188
2023-06-23,183.32469398134634,184.44113159179688
2023-06-26,184.58933834045672,183.0480499267578
2023-06-27,183.6606074612621,185.80458068847656
2023-06-28,185.67610944091012,186.98028564453125
2023-06-29,186.81232983886036,187.3162078857422
2023-06-30,189.33175958026345,191.64369201660156
2023-07-03,191.4559555638213,190.15179443359375
2023-07-05,189.27248168829453,189.0353546142578
2023-07-06,187.56322301313529,189.5095977783203
2023-07-07,189.11438325252212,188.39312744140625
2023-07-10,186.9901751208951,186.3479766845703
2023-07-11,186.8913900886379,185.8243408203125
2023-07-12,187.4051170053163,187.49404907226562
2023-07-13,188.2153081360164,188.25482177734375
2023-07-14,187.94851016296312,188.4029998779297
2023-07-17,189.598506397075,191.6634521484375
2023-07-18,191.03112283932904,191.40655517578125
2023-07-19,190.7841182449009,192.7601318359375
2023-07-20,192.7502360363635,190.81375122070312
2023-07-21,191.77214478083425,189.63804626464844
2023-07-24,191.0903815041778,190.43829345703125
2023-07-25,191.01135149007996,191.29786682128906
2023-07-26,191.34728040522955,192.16732788085938
2023-07-27,193.66910156142774,190.90267944335938
2023-07-28,192.3352927070371,193.48138427734375
2023-07-31,193.70861105598286,194.09393310546875
2023-08-01,193.88647197429418,193.26402282714844
2023-08-02,192.70082810591987,190.2703399658203
2023-08-03,189.27245477585868,188.8772430419922
2023-08-04,183.295020485719,179.80735778808594
2023-08-07,179.94570917112617,176.70504760742188
2023-08-08,177.53496487660905,177.64364624023438
2023-08-09,178.70079919463467,176.05294799804688
2023-08-10,177.32744074056737,175.83555603027344
2023-08-11,175.4299516016464,175.89492797851562
2023-08-14,176.07304120627697,177.5471649169922
2023-08-15,176.97331337741676,175.5585479736328
2023-08-16,175.24195572610614,174.68792724609375
2023-08-17,175.25188574378228,172.14535522460938
2023-08-18,170.46346761685473,172.630126953125
2023-08-21,173.20394701107267,173.96572875976562
2023-08-22,175.17269520823896,175.34088134765625
2023-08-23,176.61717535249278,179.189453125
2023-08-24,178.74425133745834,174.49998474121094
2023-08-25,175.4893219988908,176.70620727539062
2023-08-28,178.17040801110178,178.26934814453125
2023-08-29,177.78457014737916,182.15745544433594
2023-08-30,182.9687355268348,185.64984130859375
2023-08-31,185.8377983965077,185.8674774169922
2023-09-01,187.47023078000296,187.4405517578125
2023-09-05,186.2731464424506,187.67800903320312
2023-09-06,186.39182984634905,180.96035766601562
2023-09-07,173.312752460059,175.66738891601562
2023-09-08,176.4489782367689,176.28077697753906
2023-09-11,178.15063513987275,177.4481964111328
2023-09-12,177.57680682896927,174.42080688476562
2023-09-13,174.6285604188278,172.35308837890625
2023-09-14,172.14533201670497,173.86679077148438
2023-09-15,174.59889423512476,173.14456176757812
2023-09-18,174.59888982853914,176.07301330566406
2023-09-19,175.62784933867275,177.1613311767578
2023-09-20,177.34928142287384,173.61947631835938
2023-09-21,172.6894667209782,172.07606506347656
2023-09-22,172.8081943086496,172.92691040039062
2023-09-25,172.34318970903263,174.20315551757812
2023-09-26,172.95660640862047,170.12709045410156
2023-09-27,170.78004737841366,168.61338806152344
2023-09-28,167.53501945328387,168.87063598632812
2023-09-29,170.18643455541363,169.38507080078125
2023-10-02,169.39496352748424,171.8979949951172
2023-10-03,170.42388604353025,170.56239318847656
2023-10-04,169.26636140324675,171.80897521972656
2023-10-05,171.93755168454948,173.04562377929688
2023-10-06,171.94747372177912,175.59814453125
2023-10-09,174.9253820623563,177.0821533203125
2023-10-10,176.20163840129018,176.48854064941406
2023-10-11,176.30057789253502,177.88352966308594
2023-10-12,178.1506662685904,178.78384399414062
2023-10-13,179.48626336769357,176.94366455078125
2023-10-16,174.86601479996662,176.8150177001953
2023-10-17,174.7670787756051,175.26174926757812
2023-10-18,173.7085055181981,173.96572875976562
2023-10-19,174.16358722416024,173.58978271484375
2023-10-20,173.44138408316581,171.03729248046875
2023-10-23,169.08825648819888,171.15597534179688
2023-10-24,171.20545097606092,171.59129333496094
2023-10-25,170.04796051874604,169.27627563476562
2023-10-26,168.55403244057868,165.1111297607422
2023-10-27,165.13092178908886,166.4269561767578
2023-10-30,167.218431744534,168.47488403320312
2023-10-31,167.54489051547947,168.9497528076172
2023-11-01,169.1773175299865,172.11566162109375
2023-11-02,173.64915484595178,175.67730712890625
2023-11-03,172.38278939451087,174.76708984375
2023-11-06,174.49995231934884,177.31956481933594
2023-11-07,177.2701137835187,179.88198852539062
2023-11-08,180.40634475587757,180.94058227539062
2023-11-09,181.00983881988668,180.4656982421875
2023-11-10,182.24886906112522,184.6561279296875
2023-11-13,184.0815522328342,183.0710906982422
2023-11-14,185.94394820695575,185.68638610839844
2023-11-15,186.09256123667055,186.2510528564453
2023-11-16,187.79647578680803,187.93516540527344
2023-11-17,188.47010270019993,187.91534423828125
2023-11-20,188.11348674243894,189.6588897705078
2023-11-21,189.6192457228965,188.8564453125
2023-11-22,189.69851123933077,189.5201873779297
2023-11-24,189.08429242242372,188.19271850585938
2023-11-27,188.14319291304204,188.014404296875
2023-11-28,188.0045033953615,188.6186981201172
2023-11-29,189.11401237919708,187.59832763671875
2023-11-30,188.06394110215783,188.17291259765625
2023-12-01,188.54934617033052,189.45083618164062
2023-12-04,188.20263336404662,187.65777587890625
2023-12-05,188.43048297188668,191.61044311523438
2023-12-06,192.63079897005184,190.52073669433594
2023-12-07,191.8184723448333,192.45248413085938
2023-12-08,192.38314555463674,193.8790283203125
2023-12-11,191.30334341541183,191.3726806640625
2023-12-12,191.27361158280868,192.88836669921875
2023-12-13,193.26482653488247,196.1079864501953
2023-12-14,196.16742216364264,196.25657653808594
2023-12-15,195.6819844119138,195.72161865234375
2023-12-18,194.2554683979516,194.05734252929688
2023-12-19,194.32481746504553,195.09751892089844
2023-12-20,195.05790478940895,193.0072784423828
2023-12-21,194.26535554386368,192.85862731933594
2023-12-22,193.35399290351117,191.78878784179688
2023-12-26,191.79863960367106,191.24388122558594
2023-12-27,190.68915794498034,191.3429718017578
2023-12-28,192.32369457775746,191.76893615722656
2023-12-29,192.08593771837442,190.728759765625
2024-01-02,185.39909638597572,183.90322875976562
2024-01-03,182.49652699212288,182.5262451171875
2024-01-04,180.44587486910356,180.2081298828125
2024-01-05,180.28737421180142,179.4849395751953
2024-01-08,180.38643729162627,183.823974609375
2024-01-09,182.19932576748687,183.4079132080078
2024-01-10,182.6253074687535,184.44808959960938
2024-01-11,184.79480792904317,183.85369873046875
2024-01-12,184.31927736691225,184.1805877685547
2024-01-16,180.45578462721193,181.9120330810547
2024-01-17,179.5741044525339,180.9709014892578
2024-01-18,184.34900450558874,186.86524963378906
2024-01-19,187.5587198414397,189.76785278320312
2024-01-22,190.5009136397872,192.07603454589844
2024-01-23,193.1954970136862,193.35398864746094
2024-01-24,193.59171936806808,192.68032836914062
2024-01-25,193.3936190715828,192.3534393310547
2024-01-26,192.45249496932922,190.6197967529297
2024-01-29,190.21364328629937,189.93626403808594
2024-01-30,189.1536549714469,186.28077697753906
2024-01-31,185.29013601531707,182.67483520507812
2024-02-01,182.26867176596141,185.11181640625
2024-02-02,178.17727218053545,184.11123657226562
2024-02-05,186.38972207997213,185.9241180419922
2024-02-06,185.1118168962398,187.52899169921875
2024-02-07,188.85645841865113,187.63796997070312
2024-02-08,187.61816353023744,186.5581817626953
2024-02-09,187.12352087688578,187.32191467285156
2024-02-12,186.89539390047275,185.6356658935547
2024-02-13,184.26685928046126,183.54275512695312
2024-02-14,183.8204888809099,182.65994262695312
2024-02-15,182.06482521105013,182.372314453125
2024-02-16,181.9358579237584,180.8348388671875
2024-02-20,180.31903131312703,180.0908966064453
2024-02-21,180.4678422502364,180.8447723388672
2024-02-22,181.99534545711646,182.87814331054688
2024-02-23,183.51297897874218,181.0431365966797
2024-02-26,180.7654158601022,179.69415283203125
2024-02-27,179.63464855081253,181.1522674560547
2024-02-28,181.03323362922586,179.95205688476562
2024-02-29,179.80327228471162,179.2874755859375
2024-03-01,178.09718827908785,178.206298828125
2024-03-04,174.72470426417476,173.68321228027344
2024-03-05,169.37829007310003,168.74346923828125
2024-03-06,169.67586125903696,167.75155639648438
2024-03-07,167.78134860852236,167.632568359375
2024-03-08,167.63254371875993,169.34854125976562
2024-03-11,171.54068369235623,171.3522186279297
2024-03-12,171.74892310441177,171.82827758789062
2024-03-13,171.37204497358655,169.7453155517578
2024-03-14,171.5109210667292,171.60018920898438
2024-03-15,169.7849566919112,171.2232208251953
2024-03-18,174.14936767646017,172.3143310546875
2024-03-19,172.92933186407737,174.65525817871094
2024-03-20,174.29817691484007,177.22430419921875
2024-03-21,175.61741650508932,169.98336791992188
2024-03-22,170.37020490965267,170.88600158691406
2024-03-25,169.1898419011277,169.4675750732422
2024-03-26,168.6244540719099,168.33680725097656
2024-03-27,169.03112531152695,171.90765380859375
2024-03-28,170.36025723357648,170.09243774414062
2024-04-01,169.80483820681948,168.6542205810547
2024-04-02,167.71189467068976,167.4738311767578
2024-04-03,167.4242255584593,168.2772674560547
2024-04-04,168.9120862737285,167.45399475097656
2024-04-05,168.21776886148135,168.20785522460938
2024-04-08,167.66228381393842,167.08697509765625
2024-04-09,167.3349666518587,168.297119140625
2024-04-10,167.43417533006158,166.42242431640625
2024-04-11,166.97788797659143,173.62367248535156
2024-04-12,172.8499808741194,175.1214599609375
2024-04-15,173.94107267383276,171.2926788330078
2024-04-16,170.36027866522625,168.00946044921875
2024-04-17,168.2375982616629,166.640625
2024-04-18,166.67039519798726,165.6884002685547
2024-04-19,164.86511767231858,163.66490173339844
2024-04-22,164.18070504913473,164.49810791015625
2024-04-23,164.01208389352126,165.54953002929688
2024-04-24,165.19243035823263,167.65237426757812
2024-04-25,168.15826264272923,168.51535034179688
2024-04-26,168.50540819041237,167.9300994873047
2024-04-29,171.96716217122307,172.0961151123047
2024-04-30,171.9274767702081,168.95175170898438
2024-05-01,168.20783263565716,167.9300994873047
2024-05-02,171.11413192483198,171.6299285888672
2024-05-03,185.13970898312533,181.89617919921875
2024-05-06,180.8745364649345,180.23971557617188
2024-05-07,181.965609726272,180.92410278320312
2024-05-08,181.3704630721318,181.2613525390625
2024-05-09,181.08280763590477,183.07655334472656
2024-05-10,183.6526350835399,181.81512451171875
2024-05-13,184.18898588060125,185.0233154296875
2024-05-14,186.24503525163803,186.1655731201172
2024-05-15,186.64235255391958,188.4401397705078
2024-05-16,189.1850657006259,188.55931091308594
2024-05-17,188.23153932133224,188.589111328125
2024-05-20,188.05276500067424,189.751220703125
2024-05-21,189.80087387660714,191.05238342285156
2024-05-22,190.97293553544338,189.61216735839844
2024-05-23,189.6916095055364,185.61927795410156
2024-05-24,187.54620129756856,188.6983642578125
2024-05-28,190.21803261577213,188.7082977294922
2024-05-29,188.3308964172237,189.0063018798828
2024-05-30,189.47310363654154,189.99952697753906
2024-05-31,190.14851552916033,190.9530487060547
2024-06-03,191.5986571441052,192.72103881835938
2024-06-04,193.3269163239317,193.03887939453125
2024-06-05,194.08179923154876,194.5486297607422
2024-06-06,194.36985841579607,193.1680145263672
2024-06-07,193.33685821193552,195.56175231933594
2024-06-10,195.57168290202756,191.8171844482422
2024-06-11,192.34360572370616,205.75253295898438
2024-06-12,205.97105482418652,211.6326141357422
2024-06-13,213.29133517221976,212.79470825195312
2024-06-14,212.40735976944958,211.05653381347656
2024-06-17,211.93057220447776,215.20831298828125
2024-06-18,216.12210108008887,212.8443603515625
2024-06-20,212.48678595825902,208.2654571533203
2024-06-21,208.97067049292605,206.09024047851562
2024-06-24,206.3186903055129,206.73585510253906
2024-06-25,207.73905391104032,207.65960693359375
2024-06-26,210.07319184959564,211.81138610839844
2024-06-27,213.2416710401095,212.65565490722656
2024-06-28,214.31437813701,209.19911193847656
2024-07-01,210.65919906394006,215.2877655029297
2024-07-02,214.69182595520752,218.78404235839844
2024-07-03,218.51584293427166,220.05538940429688
2024-07-05,220.1547017635972,224.8130645751953
2024-07-08,225.55802531049062,226.28311157226562
2024-07-09,226.39235814584333,227.13729858398438
2024-07-10,227.75312751683794,231.40829467773438
2024-07-11,229.82901193417422,226.0347900390625
2024-07-12,227.37567478656334,228.9847412109375
2024-07-15,234.88466488344312,232.81869506835938
2024-07-16,233.41467931591345,233.23590087890625
2024-07-17,227.90209958898402,227.33595275878906
2024-07-18,228.7265030667722,222.6676483154297
2024-07-19,223.30333735062962,222.79676818847656
2024-07-22,225.47857008869346,222.44915771484375
2024-07-23,222.8563682936816,223.49205017089844
2024-07-24,222.48887740092556,217.06570434570312
2024-07-25,217.45306951901438,216.02279663085938
2024-07-26,217.22463751115632,216.48963928222656
2024-07-29,215.49636696784094,216.76773071289062
2024-07-30,217.71131248471113,217.32394409179688
2024-07-31,219.94613576688096,220.58181762695312
2024-08-01,222.85636745689294,216.8869171142578
2024-08-02,217.6715836076827,218.37680053710938
2024-08-05,197.74691336614487,207.85824584960938
2024-08-06,203.91504310362458,205.83201599121094
2024-08-07,205.50424133074915,208.40455627441406
2024-08-08,211.67233918968967,211.87098693847656
2024-08-09,210.66916408754707,214.78123474121094
2024-08-12,214.86078610016068,216.31260681152344
2024-08-13,217.7843155173404,220.03167724609375
2024-08-14,219.33559848009435,220.47915649414062
2024-08-15,223.3430482530648,223.46237182617188
2024-08-16,222.66684293368954,224.78492736816406
2024-08-19,224.45679243420122,224.62583923339844
2024-08-20,224.50649118022673,225.24234008789062
2024-08-21,225.25228856886343,225.13294982910156
2024-08-22,226.51518775043243,223.2734375
2024-08-23,224.39712188969804,225.5705108642578
2024-08-26,225.490936936756,225.90858459472656
2024-08-27,224.73520717839608,226.75384521484375
2024-08-28,226.64446298605537,225.22247314453125
2024-08-29,228.8122756660522,228.50399780273438
2024-08-30,228.9017723040151,227.7184295654297
2024-09-03,227.27093626472063,221.52328491210938
2024-09-04,220.41949337418052,219.61402893066406
2024-09-05,220.3896496553389,221.1354522705078
2024-09-06,222.69668624975694,219.58421325683594
2024-09-09,219.58421337102425,219.6737060546875
2024-09-10,217.69481595725216,218.87815856933594
2024-09-11,220.22062862304543,221.41390991210938
2024-09-12,221.25479170284098,221.52328491210938
2024-09-13,222.32874892129448,221.25479125976562
2024-09-16,215.32814508742544,215.10939025878906
2024-09-17,214.54256344637628,215.5767364501953
2024-09-18,216.3324839032867,219.4549102783203
2024-09-19,223.7308662842885,227.58914184570312
2024-09-20,228.68298057338347,226.92288208007812
2024-09-23,226.06770192621624,225.20257568359375
2024-09-24,227.37036953161189,226.0975341796875
2024-09-25,223.67116024502704,225.1031036376953
2024-09-26,226.02791885863684,226.24668884277344
2024-09-27,227.18143093581907,226.51516723632812
2024-09-30,228.75258844686658,231.69602966308594
2024-10-01,228.23551952322458,224.9440460205078
2024-10-02,224.62581519597003,225.51083374023438
2024-10-03,223.88001079844628,224.40704345703125
2024-10-04,226.6245660168141,225.53073120117188
2024-10-07,223.24358165878294,220.44931030273438
2024-10-08,223.0447106099303,224.50648498535156
2024-10-09,223.96952441146985,228.25540161132812
2024-10-10,226.50525089558744,227.75819396972656
2024-10-11,228.01675665509578,226.27655029296875
2024-10-14,227.42008369962844,230.0055389404297
2024-10-15,232.30261271123658,232.54127502441406
2024-10-16,230.30386376880503,230.48284912109375
2024-10-17,232.12361966628396,230.8507843017578
2024-10-18,234.85820325949092,233.684814453125
2024-10-21,233.13790198735873,235.1565399169922
2024-10-22,232.5810627118631,234.5400390625
2024-10-23,232.76997861721128,229.4685516357422
2024-10-24,228.69293816499177,229.27964782714844
2024-10-25,228.45427709115,230.11492919921875
2024-10-28,232.0142568404043,232.0937957763672
2024-10-29,231.7954872619061,232.36228942871094
2024-10-30,231.30820323038637,228.812255859375
2024-10-31,228.05651850818114,224.64572143554688
2024-11-01,219.73336072670745,221.66250610351562
2024-11-04,219.7532516264011,220.7675323486328
2024-11-05,220.558703156551,222.199462890625
2024-11-06,221.36418677402693,221.47357177734375
2024-11-07,223.37288331058951,226.20692443847656
2024-11-08,226.1471868576639,225.93814086914062
2024-11-11,223.98695058099833,223.2204132080078
2024-11-12,223.53897971785378,223.2204132080078
2024-11-13,223.00141185159572,224.10641479492188
2024-11-14,224.00686988588794,227.1924591064453
2024-11-15,225.38065961406878,223.98696899414062
2024-11-18,224.2358449505769,226.99337768554688
2024-11-19,225.9580321395358,227.25218200683594
2024-11-20,227.0331781982001,227.9689483642578
2024-11-21,227.8494991340082,227.49111938476562
2024-11-22,227.03318893672346,228.8350372314453
2024-11-25,230.41787789282506,231.82151794433594
2024-11-26,232.2794717613211,234.00167846679688
2024-11-27,233.41431778082386,233.8722381591797
2024-11-29,233.75278591990275,236.26144409179688
2024-12-02,236.2017296160342,238.5112762451172
2024-12-03,238.73027039850206,241.55747985839844
2024-12-04,241.77649398259703,241.91586303710938
2024-12-05,242.8914746561807,241.94573974609375
2024-12-06,241.81631992920728,241.7466278076172
2024-12-09,240.74119161135067,245.6390380859375
2024-12-10,245.7783914922151,246.65443420410156
2024-12-11,246.84360125039836,245.38021850585938
2024-12-12,245.77839247075497,246.8435821533203
2024-12-13,246.70423080565516,247.01283264160156
2024-12-16,246.8734732550572,249.90972900390625
2024-12-17,248.95404406138837,252.33872985839844
2024-12-18,251.02469300208548,246.93319702148438
2024-12-19,246.3856613682502,248.66534423828125
2024-12-20,246.92320588947405,253.34417724609375
2024-12-23,253.62291772369178,254.12066650390625
2024-12-24,254.3397007808045,257.0375061035156
2024-12-26,257.0275101814573,257.853759765625
2024-12-27,256.66912911312295,254.43922424316406
2024-12-30,251.09434735441482,251.06448364257812
